season,bowler,runs_conceded,balls_bowled,wickets,extras_conceded,wides,noballs,economy,bowling_avg,bowling_sr
2008,A Kumble,294,236,8,20,6,0,7.98,39.25,29.5
2008,A Mishra,134,123,11,6,3,1,6.83,12.73,11.18
2008,A Nehra,336,280,14,21,10,1,7.65,25.5,20.0
2008,A Nel,31,18,1,0,0,0,10.33,31.0,18.0
2008,A Symonds,94,44,0,12,2,1,14.45,inf,inf
2008,AA Noffke,35,25,1,6,1,0,9.84,41.0,25.0
2008,AB Agarkar,195,168,8,16,11,1,7.54,26.38,21.0
2008,AB Dinda,245,245,11,21,10,1,6.51,24.18,22.27
2008,AD Mascarenhas,27,25,2,4,1,0,7.44,15.5,12.5
2008,AM Nayar,67,43,1,2,1,0,9.63,69.0,43.0
2008,Abdur Razzak,23,14,0,6,1,1,12.43,inf,inf
2008,B Akhil,132,105,3,6,1,0,7.89,46.0,35.0
2008,B Geeves,90,49,2,1,1,0,11.14,45.5,24.5
2008,B Lee,109,99,5,9,0,3,7.15,23.6,19.8
2008,BAW Mendis,24,24,1,0,0,0,6.0,24.0,24.0
2008,CK Kapugedera,49,17,0,0,0,0,17.29,inf,inf
2008,CL White,22,7,0,2,1,0,20.57,inf,inf
2008,CRD Fernando,152,128,12,12,7,1,7.69,13.67,10.67
2008,D Kalyankrishna,85,50,2,3,2,0,10.56,44.0,25.0
2008,D Salunkhe,70,51,1,10,3,1,9.41,80.0,51.0
2008,DB Ravi Teja,19,12,1,0,0,0,9.5,19.0,12.0
2008,DJ Bravo,222,181,11,17,10,0,7.92,21.73,16.45
2008,DJ Hussey,129,79,3,5,1,0,10.18,44.67,26.33
2008,DJ Thornely,38,44,3,2,2,0,5.45,13.33,14.67
2008,DL Vettori,54,48,2,0,0,0,6.75,27.0,24.0
2008,DNT Zoysa,96,69,2,4,1,2,8.7,50.0,34.5
2008,DP Vijaykumar,192,159,4,13,5,2,7.74,51.25,39.75
2008,DR Smith,76,69,5,7,3,0,7.22,16.6,13.8
2008,DS Kulkarni,216,193,13,26,12,4,7.52,18.62,14.85
2008,DW Steyn,228,247,13,37,17,2,6.44,20.38,19.0
2008,GD McGrath,352,329,14,14,4,1,6.67,26.14,23.5
2008,Gagandeep Singh,141,84,3,1,0,0,10.14,47.33,28.0
2008,Harbhajan Singh,79,62,6,5,2,0,8.13,14.0,10.33
2008,I Sharma,308,266,7,40,9,4,7.85,49.71,38.0
2008,IK Pathan,331,336,20,30,18,0,6.45,18.05,16.8
2008,Iqbal Abdulla,22,18,1,0,0,0,7.33,22.0,18.0
2008,JA Morkel,373,310,20,41,17,5,8.01,20.7,15.5
2008,JDP Oram,145,100,6,4,4,0,8.94,24.83,16.67
2008,JH Kallis,302,211,4,20,5,0,9.16,80.5,52.75
2008,JR Hopes,273,171,7,12,3,0,10.0,40.71,24.43
2008,Joginder Sharma,228,158,9,13,5,5,9.15,26.78,17.56
2008,K Goel,25,12,0,0,0,0,12.5,inf,inf
2008,L Balaji,278,205,11,15,7,0,8.58,26.64,18.64
2008,LPC Silva,21,6,0,0,0,0,21.0,inf,inf
2008,LR Shukla,113,78,6,13,4,2,9.69,21.0,13.0
2008,M Kartik,126,89,5,6,1,0,8.9,26.4,17.8
2008,M Muralitharan,378,369,11,38,20,1,6.76,37.82,33.55
2008,M Ntini,238,213,8,19,1,2,7.24,32.12,26.62
2008,MA Khote,51,30,2,1,0,0,10.4,26.0,15.0
2008,MF Maharoof,238,226,19,17,10,0,6.77,13.42,11.89
2008,MM Patel,414,336,16,9,5,1,7.55,26.44,21.0
2008,MS Gony,432,371,18,24,9,2,7.37,25.33,20.61
2008,Mohammad Asif,289,199,9,18,6,1,9.26,34.11,22.11
2008,Mohammad Hafeez,61,63,2,10,2,1,6.76,35.5,31.5
2008,P Amarnath,236,132,7,5,0,0,10.95,34.43,18.86
2008,P Kumar,352,275,12,24,7,0,8.2,31.33,22.92
2008,PJ Sangwan,200,155,7,21,10,1,8.55,31.57,22.14
2008,PM Sarvesh Kumar,41,31,1,1,1,0,8.13,42.0,31.0
2008,PP Chawla,375,286,19,21,5,0,8.31,20.84,15.05
2008,PP Ojha,264,236,11,35,14,0,7.6,27.18,21.45
2008,Pankaj Singh,125,76,0,4,3,1,10.18,inf,inf
2008,R Bhatia,180,134,9,5,2,0,8.28,20.56,14.89
2008,R Vinay Kumar,179,141,7,4,1,2,7.79,26.14,20.14
2008,RA Jadeja,21,13,1,0,0,0,9.69,21.0,13.0
2008,RG Sharma,24,25,1,2,1,0,6.24,26.0,25.0
2008,RP Singh,425,325,17,34,16,1,8.47,27.0,19.12
2008,RR Powar,86,77,3,7,5,0,7.25,31.0,25.67
2008,RR Raje,133,102,6,9,3,1,8.35,23.67,17.0
2008,S Sreesanth,408,332,19,43,21,4,8.15,23.74,17.47
2008,S Vidyut,21,13,1,1,1,0,10.15,22.0,13.0
2008,SB Bangar,212,153,6,9,3,0,8.67,36.83,25.5
2008,SB Joshi,82,55,1,0,0,0,8.95,82.0,55.0
2008,SB Styris,194,167,4,7,5,0,7.22,50.25,41.75
2008,SC Ganguly,127,121,7,5,1,0,6.55,18.86,17.29
2008,SD Chitnis,54,38,2,8,2,0,9.79,31.0,19.0
2008,SK Raina,30,20,2,0,0,0,9.0,15.0,10.0
2008,SK Trivedi,386,300,15,21,11,1,8.14,27.13,20.0
2008,SK Warne,395,319,20,14,7,0,7.69,20.45,15.95
2008,SM Pollock,297,280,13,10,4,0,6.58,23.62,21.54
2008,SR Watson,364,344,20,31,14,5,6.89,19.75,17.2
2008,ST Jayasuriya,158,127,5,5,1,0,7.7,32.6,25.4
2008,Shahid Afridi,220,185,9,17,4,1,7.69,26.33,20.56
2008,Shoaib Akhtar,50,46,5,4,4,0,7.04,10.8,9.2
2008,Shoaib Malik,77,58,2,10,6,1,9.0,43.5,29.0
2008,Sohail Tanvir,246,265,24,29,17,1,6.23,11.46,11.04
2008,TM Dilshan,3,6,1,0,0,0,3.0,3.0,6.0
2008,Umar Gul,166,153,14,32,12,6,7.76,14.14,10.93
2008,V Kohli,57,49,2,5,2,1,7.59,31.0,24.5
2008,V Sehwag,132,67,3,2,1,0,12.0,44.67,22.33
2008,VRV Singh,412,296,15,13,5,3,8.61,28.33,19.73
2008,VS Yeligati,53,32,0,8,2,0,11.44,inf,inf
2008,VY Mahesh,356,266,17,24,6,7,8.57,22.35,15.65
2008,WA Mota,34,20,1,2,2,0,10.8,36.0,20.0
2008,WPUJC Vaas,144,103,6,2,1,0,8.5,24.33,17.17
2008,Y Venugopal Rao,131,88,3,6,4,0,9.34,45.67,29.33
2008,YK Pathan,229,170,10,4,1,0,8.22,23.3,17.0
2008,Yuvraj Singh,81,56,3,4,2,0,9.11,28.33,18.67
2008,Z Khan,347,258,15,22,6,0,8.58,24.6,17.2
2009,A Flintoff,105,66,2,1,0,0,9.64,53.0,33.0
2009,A Kumble,340,358,22,13,3,0,5.92,16.05,16.27
2009,A Mishra,285,262,14,15,3,6,6.87,21.43,18.71
2009,A Mithun,39,27,0,3,3,0,9.33,inf,inf
2009,A Nehra,326,326,22,28,15,5,6.52,16.09,14.82
2009,A Singh,93,107,9,7,1,1,5.61,11.11,11.89
2009,A Symonds,156,147,9,6,3,0,6.61,18.0,16.33
2009,AB Agarkar,270,199,8,23,13,0,8.83,36.62,24.88
2009,AB Dinda,187,150,6,8,6,0,7.8,32.5,25.0
2009,AB McDonald,22,18,0,0,0,0,7.33,inf,inf
2009,AD Mascarenhas,132,116,6,1,0,0,6.88,22.17,19.33
2009,AD Mathews,30,15,0,2,1,0,12.8,inf,inf
2009,AM Nayar,79,77,4,5,5,0,6.55,21.0,19.25
2009,AM Rahane,5,6,1,0,0,0,5.0,5.0,6.0
2009,AM Salvi,126,106,4,12,4,0,7.81,34.5,26.5
2009,AS Raut,36,24,0,1,0,0,9.25,inf,inf
2009,Anureet Singh,43,34,2,4,4,0,8.29,23.5,17.0
2009,B Akhil,77,69,4,3,3,0,6.96,20.0,17.25
2009,B Lee,98,133,6,15,8,5,5.1,18.83,22.17
2009,BAW Mendis,133,102,4,3,1,1,8.0,34.0,25.5
2009,BJ Hodge,153,123,7,14,3,0,8.15,23.86,17.57
2009,C Nanda,55,50,2,3,2,0,6.96,29.0,25.0
2009,CH Gayle,132,119,1,14,6,0,7.36,146.0,119.0
2009,CK Langeveldt,14,25,3,1,1,0,3.6,5.0,8.33
2009,D du Preez,55,43,4,1,0,1,7.81,14.0,10.75
2009,DJ Bravo,246,211,14,19,11,1,7.54,18.93,15.07
2009,DJ Hussey,33,25,1,1,1,0,8.16,34.0,25.0
2009,DL Vettori,179,141,10,7,2,0,7.91,18.6,14.1
2009,DP Nannes,349,320,20,35,23,0,7.2,19.2,16.0
2009,DR Smith,122,85,1,6,1,0,9.04,128.0,85.0
2009,DS Kulkarni,198,160,5,11,4,0,7.84,41.8,32.0
2009,DW Steyn,57,59,3,5,5,0,6.31,20.67,19.67
2009,FH Edwards,144,150,6,16,9,1,6.4,26.67,25.0
2009,GR Napier,27,24,1,1,0,0,7.0,28.0,24.0
2009,Harbhajan Singh,252,268,13,20,4,0,6.09,20.92,20.62
2009,Harmeet Singh,187,142,4,11,5,0,8.37,49.5,35.5
2009,I Sharma,281,270,11,22,10,2,6.73,27.55,24.55
2009,IK Pathan,378,314,20,20,12,0,7.61,19.9,15.7
2009,J Botha,67,75,5,9,3,0,6.08,15.2,15.0
2009,JA Morkel,315,249,15,15,4,5,7.95,22.0,16.6
2009,JD Ryder,113,104,5,8,2,0,6.98,24.2,20.8
2009,JDP Oram,132,94,6,7,0,1,8.87,23.17,15.67
2009,JH Kallis,334,289,7,28,11,2,7.52,51.71,41.29
2009,JP Duminy,86,107,4,10,2,0,5.38,24.0,26.75
2009,Jaskaran Singh,31,19,0,1,1,0,10.11,inf,inf
2009,Joginder Sharma,56,43,2,1,1,0,7.95,28.5,21.5
2009,K Goel,60,49,0,2,1,0,7.59,inf,inf
2009,KP Appanna,87,72,2,4,0,0,7.58,45.5,36.0
2009,KP Pietersen,79,80,5,9,2,0,6.6,17.6,16.0
2009,Kamran Khan,130,121,10,18,8,1,7.34,14.8,12.1
2009,L Balaji,311,229,14,9,5,0,8.38,22.86,16.36
2009,LA Carseldine,5,7,1,1,1,0,5.14,6.0,7.0
2009,LR Shukla,95,88,5,7,4,0,6.95,20.4,17.6
2009,LRPL Taylor,12,7,0,1,1,0,11.14,inf,inf
2009,M Kartik,189,210,5,18,6,0,5.91,41.4,42.0
2009,M Morkel,38,44,1,2,2,0,5.45,40.0,44.0
2009,M Muralitharan,257,304,16,10,4,0,5.27,16.69,19.0
2009,MC Henriques,104,76,2,3,3,0,8.45,53.5,38.0
2009,MF Maharoof,59,66,4,8,2,4,6.09,16.75,16.5
2009,MK Tiwary,11,6,0,0,0,0,11.0,inf,inf
2009,MM Patel,231,218,18,14,3,6,6.74,13.61,12.11
2009,MS Gony,167,107,5,6,4,1,9.7,34.6,21.4
2009,Mashrafe Mortaza,54,28,1,5,2,2,12.64,59.0,28.0
2009,P Kumar,380,312,16,21,13,1,7.71,25.06,19.5
2009,PJ Sangwan,343,297,18,31,15,2,7.56,20.78,16.5
2009,PP Chawla,303,273,12,16,4,0,7.01,26.58,22.75
2009,PP Ojha,342,327,21,17,6,0,6.59,17.1,15.57
2009,Pankaj Singh,62,45,2,3,3,0,8.67,32.5,22.5
2009,R Ashwin,13,24,2,1,0,0,3.5,7.0,12.0
2009,R Bhatia,142,133,11,11,3,0,6.9,13.91,12.09
2009,R Vinay Kumar,266,199,9,7,5,0,8.23,30.33,22.11
2009,RA Jadeja,146,144,6,10,4,0,6.5,26.0,24.0
2009,RA Shaikh,11,6,0,0,0,0,11.0,inf,inf
2009,RE van der Merwe,243,209,9,20,5,0,7.55,29.22,23.22
2009,RG Sharma,159,140,12,4,2,0,6.99,13.58,11.67
2009,RJ Harris,224,192,6,11,5,1,7.34,39.17,32.0
2009,RP Singh,393,382,26,37,17,7,6.75,16.54,14.69
2009,RR Bose,24,12,0,0,0,0,12.0,inf,inf
2009,RR Powar,125,132,6,13,6,0,6.27,23.0,22.0
2009,RR Raje,67,42,1,5,1,0,10.29,72.0,42.0
2009,RS Bopara,5,8,0,0,0,0,3.75,inf,inf
2009,S Sreesanth,185,145,6,11,4,3,8.11,32.67,24.17
2009,S Tyagi,132,118,5,11,3,1,7.27,28.6,23.6
2009,SB Jakati,216,175,13,9,1,0,7.71,17.31,13.46
2009,SB Styris,63,49,5,1,1,0,7.84,12.8,9.8
2009,SC Ganguly,96,73,2,2,1,0,8.05,49.0,36.5
2009,SK Raina,163,167,8,6,1,0,6.07,21.12,20.88
2009,SK Trivedi,149,123,6,3,2,1,7.41,25.33,20.5
2009,SK Warne,348,313,14,21,13,0,7.07,26.36,22.36
2009,SL Malinga,281,326,21,53,26,3,6.15,15.9,15.52
2009,SM Harwood,61,67,3,13,7,0,6.63,24.67,22.33
2009,SR Tendulkar,57,37,0,2,1,0,9.57,inf,inf
2009,SS Sarkar,34,25,1,0,0,0,8.16,34.0,25.0
2009,ST Jayasuriya,154,119,8,11,5,0,8.32,20.62,14.88
2009,Shoaib Ahmed,151,103,5,3,1,0,8.97,30.8,20.6
2009,T Henderson,40,36,1,1,0,0,6.83,41.0,36.0
2009,T Thushara,58,50,3,3,2,0,7.32,20.33,16.67
2009,TL Suman,107,91,6,1,0,1,7.12,18.0,15.17
2009,TM Dilshan,98,96,0,1,0,0,6.19,inf,inf
2009,V Kohli,43,39,0,3,3,0,7.08,inf,inf
2009,V Sehwag,24,7,0,1,0,1,21.43,inf,inf
2009,VRV Singh,82,54,1,1,0,0,9.22,83.0,54.0
2009,VS Malik,96,74,2,4,1,1,8.11,50.0,37.0
2009,VY Mahesh,24,13,1,1,1,0,11.54,25.0,13.0
2009,WA Mota,60,55,3,2,0,1,6.76,20.67,18.33
2009,WPUJC Vaas,63,52,5,8,2,2,8.19,14.2,10.4
2009,Y Nagar,19,13,2,1,0,1,9.23,10.0,6.5
2009,Y Venugopal Rao,120,92,4,3,2,0,8.02,30.75,23.0
2009,YA Abdulla,229,180,14,15,11,1,8.13,17.43,12.86
2009,YK Pathan,232,221,7,16,11,0,6.73,35.43,31.57
2009,Yuvraj Singh,141,121,6,1,1,0,7.04,23.67,20.17
2009,Z Khan,135,132,7,9,5,1,6.55,20.57,18.86
2010,A Kumble,393,389,19,29,4,5,6.51,22.21,20.47
2010,A Mishra,352,329,20,19,8,3,6.77,18.55,16.45
2010,A Mithun,37,20,1,2,1,1,11.7,39.0,20.0
2010,A Nehra,95,85,6,7,1,0,7.2,17.0,14.17
2010,A Symonds,365,325,13,20,7,0,7.11,29.62,25.0
2010,A Uniyal,64,38,3,3,2,0,10.58,22.33,12.67
2010,AA Jhunjhunwala,67,39,0,2,2,0,10.62,inf,inf
2010,AB Agarkar,199,136,4,8,3,1,9.13,51.75,34.0
2010,AB Dinda,147,144,12,8,5,0,6.46,12.92,12.0
2010,AB McDonald,137,85,8,1,1,0,9.74,17.25,10.62
2010,AC Voges,74,56,1,2,2,0,8.14,76.0,56.0
2010,AD Mascarenhas,65,48,4,1,0,0,8.25,16.5,12.0
2010,AD Mathews,309,230,8,8,4,1,8.27,39.62,28.75
2010,AG Murtaza,86,73,4,7,1,0,7.64,23.25,18.25
2010,AJ Finch,5,7,0,0,0,0,4.29,inf,inf
2010,AN Ahmed,20,14,0,6,2,0,11.14,inf,inf
2010,AP Dole,105,73,5,9,6,1,9.37,22.8,14.6
2010,B Akhil,6,6,0,0,0,0,6.0,inf,inf
2010,B Lee,137,91,0,17,3,1,10.15,inf,inf
2010,BAW Mendis,60,50,2,8,2,0,8.16,34.0,25.0
2010,BJ Hodge,41,30,2,0,0,0,8.2,20.5,15.0
2010,Bipul Sharma,94,60,4,0,0,0,9.4,23.5,15.0
2010,C Ganapathy,13,6,0,0,0,0,13.0,inf,inf
2010,CH Gayle,138,102,4,15,6,0,9.0,38.25,25.5
2010,CK Langeveldt,84,70,5,8,4,0,7.89,18.4,14.0
2010,CL White,18,7,0,1,1,0,16.29,inf,inf
2010,CRD Fernando,127,121,7,15,4,3,7.04,20.29,17.29
2010,DE Bollinger,199,193,13,14,6,1,6.62,16.38,14.85
2010,DJ Bravo,223,162,5,8,5,0,8.56,46.2,32.4
2010,DJ Hussey,80,60,0,1,0,0,8.1,inf,inf
2010,DL Vettori,95,72,3,3,2,0,8.17,32.67,24.0
2010,DP Nannes,209,218,11,26,10,2,6.47,21.36,19.82
2010,DR Smith,36,23,1,0,0,0,9.39,36.0,23.0
2010,DS Kulkarni,35,25,1,5,1,0,9.6,40.0,25.0
2010,DW Steyn,377,382,17,38,28,0,6.52,24.41,22.47
2010,FY Fazal,20,12,1,0,0,0,10.0,20.0,12.0
2010,Harbhajan Singh,360,334,20,25,12,1,6.92,19.25,16.7
2010,Harmeet Singh,163,151,10,14,7,0,7.03,17.7,15.1
2010,I Sharma,225,160,7,17,9,1,9.07,34.57,22.86
2010,IK Pathan,414,290,17,21,12,0,9.0,25.59,17.06
2010,Iqbal Abdulla,61,51,2,1,0,0,7.29,31.0,25.5
2010,J Theron,187,158,9,17,8,1,7.75,22.67,17.56
2010,JA Morkel,392,295,14,18,9,0,8.34,29.29,21.07
2010,JD Unadkat,85,62,4,0,0,0,8.23,21.25,15.5
2010,JH Kallis,464,350,15,20,7,1,8.3,32.27,23.33
2010,JM Kemp,51,47,3,7,3,0,7.4,19.33,15.67
2010,JP Duminy,37,33,1,0,0,0,6.73,37.0,33.0
2010,Jaskaran Singh,131,92,6,11,4,4,9.26,23.67,15.33
2010,Joginder Sharma,86,51,2,3,1,2,10.47,44.5,25.5
2010,K Goel,7,6,0,0,0,0,7.0,inf,inf
2010,KA Pollard,263,233,17,13,10,1,7.11,16.24,13.71
2010,KAJ Roach,76,52,0,4,3,1,9.23,inf,inf
2010,KP Appanna,49,43,3,2,1,0,7.12,17.0,14.33
2010,KP Pietersen,77,60,3,0,0,0,7.7,25.67,20.0
2010,Kamran Khan,51,38,4,2,2,0,8.37,13.25,9.5
2010,L Ablish,33,27,5,4,3,0,8.22,7.4,5.4
2010,L Balaji,192,147,10,22,6,1,8.73,21.4,14.7
2010,LR Shukla,106,72,3,2,0,0,9.0,36.0,24.0
2010,M Kartik,249,238,10,12,3,1,6.58,26.1,23.8
2010,M Morkel,62,46,0,4,4,0,8.61,inf,inf
2010,M Muralitharan,320,306,16,36,14,0,6.98,22.25,19.12
2010,MB Parmar,32,19,0,1,1,0,10.42,inf,inf
2010,MC Henriques,35,24,1,0,0,0,8.75,35.0,24.0
2010,MF Maharoof,197,149,10,13,4,1,8.46,21.0,14.9
2010,MK Tiwary,10,7,1,1,1,0,9.43,11.0,7.0
2010,MM Patel,118,78,5,0,0,0,9.08,23.6,15.6
2010,MR Marsh,84,64,2,5,3,1,8.34,44.5,32.0
2010,MS Gony,89,51,1,3,3,0,10.82,92.0,51.0
2010,ND Doshi,16,25,1,1,1,0,4.08,17.0,25.0
2010,NLTC Perera,19,6,0,0,0,0,19.0,inf,inf
2010,P Kumar,358,288,12,34,18,0,8.17,32.67,24.0
2010,PD Collingwood,100,90,5,1,1,0,6.73,20.2,18.0
2010,PJ Sangwan,245,199,9,15,11,2,7.84,28.89,22.11
2010,PP Chawla,361,296,13,10,2,0,7.52,28.54,22.77
2010,PP Ojha,418,360,22,21,6,1,7.32,19.95,16.36
2010,Pankaj Singh,74,51,2,9,3,0,9.76,41.5,25.5
2010,R Ashwin,284,297,14,24,9,0,6.22,22.0,21.21
2010,R Bhatia,130,98,3,6,2,0,8.33,45.33,32.67
2010,R McLaren,259,215,5,22,10,1,7.84,56.2,43.0
2010,R Sathish,78,51,3,3,3,0,9.53,27.0,17.0
2010,R Sharma,165,126,6,5,2,0,8.1,28.33,21.0
2010,R Vinay Kumar,389,284,19,15,5,2,8.54,21.26,14.95
2010,RE van der Merwe,24,27,2,3,3,0,6.0,13.5,13.5
2010,RG Sharma,147,119,2,12,5,0,8.02,79.5,59.5
2010,RJ Harris,216,195,15,23,11,0,7.35,15.93,13.0
2010,RP Singh,354,266,14,31,14,0,8.68,27.5,19.0
2010,RR Powar,146,144,4,17,5,1,6.79,40.75,36.0
2010,RS Bopara,118,82,5,14,4,0,9.66,26.4,16.4
2010,RS Gavaskar,8,6,0,0,0,0,8.0,inf,inf
2010,S Ladda,141,92,4,3,2,0,9.39,36.0,23.0
2010,S Narwal,180,99,6,6,5,0,11.27,31.0,16.5
2010,S Sreesanth,173,128,5,18,7,7,8.95,38.2,25.6
2010,S Sriram,24,12,0,0,0,0,12.0,inf,inf
2010,S Tyagi,152,102,1,9,5,2,9.47,161.0,102.0
2010,SB Jakati,283,232,15,17,4,0,7.76,20.0,15.47
2010,SB Wagh,16,6,1,0,0,0,16.0,16.0,6.0
2010,SC Ganguly,42,25,0,1,1,0,10.32,inf,inf
2010,SE Bond,218,191,9,7,5,0,7.07,25.0,21.22
2010,SJ Srivastava,239,178,6,18,16,0,8.66,42.83,29.67
2010,SK Raina,174,147,7,7,4,0,7.39,25.86,21.0
2010,SK Trivedi,255,218,13,11,4,1,7.32,20.46,16.77
2010,SK Warne,375,305,12,14,5,0,7.65,32.42,25.42
2010,SL Malinga,320,310,17,40,16,0,6.97,21.18,18.24
2010,SR Watson,177,139,7,8,7,0,7.99,26.43,19.86
2010,ST Jayasuriya,63,55,3,5,1,0,7.42,22.67,18.33
2010,STR Binny,9,6,0,0,0,0,9.0,inf,inf
2010,SW Tait,236,205,12,38,17,1,8.02,22.83,17.08
2010,T Thushara,94,94,7,9,5,2,6.57,14.71,13.43
2010,TL Suman,23,13,0,1,0,1,11.08,inf,inf
2010,TM Dilshan,70,49,3,0,0,0,8.57,23.33,16.33
2010,UT Yadav,174,152,8,18,6,2,7.58,24.0,19.0
2010,V Kohli,49,33,0,2,0,1,9.27,inf,inf
2010,V Sehwag,23,34,3,0,0,0,4.06,7.67,11.33
2010,VRV Singh,37,21,0,4,2,1,11.71,inf,inf
2010,VS Malik,59,46,1,7,2,1,8.61,66.0,46.0
2010,VY Mahesh,22,19,1,1,1,0,7.26,23.0,19.0
2010,WPUJC Vaas,138,133,11,9,1,0,6.63,13.36,12.09
2010,Y Nagar,28,18,1,0,0,0,9.33,28.0,18.0
2010,Y Venugopal Rao,10,6,0,0,0,0,10.0,inf,inf
2010,YA Abdulla,65,42,1,2,1,0,9.57,67.0,42.0
2010,YK Pathan,236,214,6,18,10,0,7.12,42.33,35.67
2010,Yuvraj Singh,151,139,6,4,1,0,6.69,25.83,23.17
2010,Z Khan,371,295,18,17,4,1,7.89,21.56,16.39
2011,A Mishra,354,324,19,15,2,2,6.83,19.42,17.05
2011,A Mithun,304,221,6,21,9,8,8.82,54.17,36.83
2011,A Singh,211,175,10,11,4,0,7.61,22.2,17.5
2011,A Symonds,41,24,1,0,0,0,10.25,41.0,24.0
2011,AA Chavan,27,30,0,4,0,0,6.2,inf,inf
2011,AA Jhunjhunwala,21,13,0,1,1,0,10.15,inf,inf
2011,AA Kazi,20,13,1,1,1,0,9.69,21.0,13.0
2011,AB Agarkar,229,164,9,7,2,0,8.63,26.22,18.22
2011,AB Dinda,143,107,5,16,3,2,8.92,31.8,21.4
2011,AB McDonald,23,12,0,0,0,0,11.5,inf,inf
2011,AC Thomas,288,240,11,12,8,1,7.5,27.27,21.82
2011,AG Murtaza,115,122,5,7,2,0,6.0,24.4,24.4
2011,AJ Finch,12,13,0,1,1,0,6.0,inf,inf
2011,AL Menaria,117,93,2,4,3,0,7.81,60.5,46.5
2011,AM Nayar,93,63,2,2,2,0,9.05,47.5,31.5
2011,AM Salvi,64,50,3,3,2,0,8.04,22.33,16.67
2011,AN Ahmed,156,128,7,22,7,1,8.34,25.43,18.29
2011,AS Raut,8,6,0,0,0,0,8.0,inf,inf
2011,AUK Pathan,43,35,0,6,2,0,8.4,inf,inf
2011,Anand Rajan,45,35,5,5,5,0,8.57,10.0,7.0
2011,B Akhil,20,13,0,2,0,1,10.15,inf,inf
2011,B Chipli,20,6,0,0,0,0,20.0,inf,inf
2011,B Kumar,66,67,3,2,0,1,6.09,22.67,22.33
2011,B Lee,322,284,8,27,10,2,7.37,43.62,35.5
2011,BA Bhatt,223,172,9,10,5,0,8.13,25.89,19.11
2011,BJ Hodge,76,67,8,1,1,0,6.9,9.62,8.38
2011,Bipul Sharma,71,78,5,9,6,0,6.15,16.0,15.6
2011,CH Gayle,231,225,9,31,7,2,6.99,29.11,25.0
2011,CK Langeveldt,80,70,5,12,3,1,7.89,18.4,14.0
2011,DB Ravi Teja,9,6,0,0,0,0,9.0,inf,inf
2011,DE Bollinger,312,294,20,31,11,1,7.0,17.15,14.7
2011,DJ Bravo,148,129,6,11,9,0,7.4,26.5,21.5
2011,DJ Hussey,38,18,1,0,0,0,12.67,38.0,18.0
2011,DL Vettori,309,312,13,6,2,0,6.06,24.23,24.0
2011,DP Nannes,30,25,2,1,1,0,7.44,15.5,12.5
2011,DS Kulkarni,141,126,6,15,6,0,7.43,26.0,21.0
2011,DT Christian,332,291,11,25,16,1,7.36,32.45,26.45
2011,DW Steyn,286,286,14,18,9,4,6.38,21.71,20.43
2011,Harbhajan Singh,358,328,16,15,10,0,6.82,23.31,20.5
2011,Harmeet Singh,47,44,3,6,1,1,7.23,17.67,14.67
2011,I Malhotra,23,6,0,0,0,0,23.0,inf,inf
2011,I Sharma,303,275,11,21,6,5,7.07,29.45,25.0
2011,IK Pathan,323,288,13,30,12,1,7.35,27.15,22.15
2011,Iqbal Abdulla,300,305,18,13,5,0,6.16,17.39,16.94
2011,J Botha,236,219,7,6,3,0,6.63,34.57,31.29
2011,J Syed Mohammad,126,91,5,2,1,0,8.44,25.6,18.2
2011,JA Morkel,371,280,16,19,9,1,8.36,24.38,17.5
2011,JD Ryder,116,94,5,3,2,0,7.6,23.8,18.8
2011,JD Unadkat,147,111,6,4,3,0,8.16,25.17,18.5
2011,JDP Oram,45,24,1,1,0,0,11.5,46.0,24.0
2011,JE Taylor,152,122,6,15,4,1,8.21,27.83,20.33
2011,JEC Franklin,97,63,3,2,0,2,9.43,33.0,21.0
2011,JH Kallis,164,150,9,6,6,0,6.8,18.89,16.67
2011,JJ van der Wath,125,76,3,9,2,2,10.58,44.67,25.33
2011,JP Duminy,140,111,4,9,3,0,8.05,37.25,27.75
2011,JP Faulkner,9,12,1,1,0,0,5.0,10.0,12.0
2011,JR Hopes,266,198,7,11,6,0,8.39,39.57,28.29
2011,Joginder Sharma,32,20,0,2,2,0,10.2,inf,inf
2011,KA Pollard,341,270,13,26,13,2,8.16,28.23,20.77
2011,KMDN Kulasekara,25,19,1,1,1,0,8.21,26.0,19.0
2011,Kamran Khan,47,18,0,0,0,0,15.67,inf,inf
2011,L Ablish,39,18,0,0,0,0,13.0,inf,inf
2011,L Balaji,353,282,13,30,14,2,8.15,29.46,21.69
2011,LRPL Taylor,11,6,0,0,0,0,11.0,inf,inf
2011,M Kartik,160,130,2,10,2,3,7.85,85.0,65.0
2011,M Manhas,42,42,0,0,0,0,6.0,inf,inf
2011,M Morkel,309,274,14,27,12,4,7.36,24.0,19.57
2011,M Muralitharan,137,117,2,8,3,0,7.44,72.5,58.5
2011,MK Tiwary,22,13,0,1,1,0,10.62,inf,inf
2011,MM Patel,355,329,22,22,3,0,6.88,17.14,14.95
2011,MR Marsh,98,86,7,4,1,0,7.12,14.57,12.29
2011,MS Gony,84,55,4,2,1,0,9.38,21.5,13.75
2011,ND Doshi,62,32,1,0,0,0,11.62,62.0,32.0
2011,NJ Rimmington,19,18,0,1,0,0,6.67,inf,inf
2011,NL McCullum,34,30,0,1,0,0,7.0,inf,inf
2011,NLTC Perera,109,86,5,5,2,0,7.95,22.8,17.2
2011,P Kumar,334,283,10,19,7,0,7.48,35.3,28.3
2011,P Parameswaran,134,97,4,3,2,1,8.47,34.25,24.25
2011,P Prasanth,18,6,0,0,0,0,18.0,inf,inf
2011,PC Valthaty,183,147,7,8,2,0,7.8,27.29,21.0
2011,PP Chawla,324,253,16,16,5,0,8.06,21.25,15.81
2011,PP Ojha,264,224,12,17,3,0,7.53,23.42,18.67
2011,Pankaj Singh,23,12,0,1,0,0,12.0,inf,inf
2011,R Ashwin,376,385,21,22,7,0,6.2,18.95,18.33
2011,R Bhatia,204,194,10,9,2,0,6.59,21.3,19.4
2011,R McLaren,175,111,5,7,1,2,9.84,36.4,22.2
2011,R Ninan,65,36,3,0,0,0,10.83,21.67,12.0
2011,R Sathish,41,31,0,0,0,0,7.94,inf,inf
2011,R Sharma,271,302,17,7,2,0,5.52,16.35,17.76
2011,R Vinay Kumar,325,278,17,20,10,0,7.45,20.29,16.35
2011,RA Jadeja,294,261,9,13,9,0,7.06,34.11,29.0
2011,RE van der Merwe,90,91,6,4,2,0,6.2,15.67,15.17
2011,RG Sharma,48,25,0,5,1,0,12.72,inf,inf
2011,RJ Harris,359,295,17,42,13,0,8.16,23.59,17.35
2011,RN ten Doeschate,6,7,0,1,1,0,6.0,inf,inf
2011,RP Singh,331,314,15,34,14,0,6.97,24.33,20.93
2011,RR Powar,112,72,2,0,0,0,9.33,56.0,36.0
2011,RV Gomez,123,91,5,2,1,0,8.24,25.0,18.2
2011,RW Price,33,18,0,0,0,0,11.0,inf,inf
2011,S Aravind,356,288,22,21,12,0,7.85,17.14,13.09
2011,S Dhawan,11,12,1,1,0,0,6.0,12.0,12.0
2011,S Ladda,41,25,0,1,0,1,10.08,inf,inf
2011,S Nadeem,141,115,4,4,1,0,7.57,36.25,28.75
2011,S Rana,2,4,0,0,0,0,3.0,inf,inf
2011,S Randiv,217,180,8,6,6,0,7.43,27.88,22.5
2011,S Sreesanth,190,206,7,22,10,5,6.17,30.29,29.43
2011,S Sriram,25,6,0,0,0,0,25.0,inf,inf
2011,SB Jakati,331,269,10,7,3,1,7.54,33.8,26.9
2011,SB Styris,13,6,0,0,0,0,13.0,inf,inf
2011,SB Wagh,115,102,4,16,6,0,7.71,32.75,25.5
2011,SJ Srivastava,170,128,9,17,7,1,8.77,20.78,14.22
2011,SK Raina,193,173,5,16,8,0,7.25,41.8,34.6
2011,SK Trivedi,292,224,13,15,7,3,8.22,23.62,17.23
2011,SK Warne,290,286,14,8,4,0,6.25,21.29,20.43
2011,SL Malinga,353,397,30,40,16,3,5.94,13.1,13.23
2011,SR Watson,229,226,8,19,9,1,6.58,31.0,28.25
2011,SS Mundhe,5,7,1,1,1,0,5.14,6.0,7.0
2011,STR Binny,43,25,0,1,1,0,10.56,inf,inf
2011,SW Tait,111,102,6,26,7,6,8.06,22.83,17.0
2011,Shakib Al Hasan,168,158,11,9,5,0,6.72,16.09,14.36
2011,TG Southee,161,119,4,6,5,0,8.42,41.75,29.75
2011,TL Suman,50,36,0,0,0,0,8.33,inf,inf
2011,TM Dilshan,105,74,1,3,2,0,8.76,108.0,74.0
2011,UT Yadav,164,113,3,8,3,2,9.13,57.33,37.67
2011,V Kohli,135,106,2,5,2,2,7.92,70.0,53.0
2011,VR Aaron,77,77,2,6,5,0,6.47,41.5,38.5
2011,VS Malik,13,12,0,1,0,0,7.0,inf,inf
2011,WD Parnell,192,184,10,30,8,0,7.24,22.2,18.4
2011,Y Gnaneswara Rao,7,6,0,0,0,0,7.0,inf,inf
2011,Y Nagar,62,34,1,5,1,3,11.82,67.0,34.0
2011,Y Venugopal Rao,26,12,0,0,0,0,13.0,inf,inf
2011,YK Pathan,229,241,13,15,7,0,6.07,18.77,18.54
2011,Yuvraj Singh,191,175,9,2,0,1,6.62,21.44,19.44
2011,Z Khan,432,373,15,33,19,0,7.48,31.0,24.87
2012,A Ashish Reddy,229,169,11,9,4,2,8.45,21.64,15.36
2012,A Chandila,86,84,5,1,0,0,6.21,17.4,16.8
2012,A Mishra,369,289,13,12,5,2,7.91,29.31,22.23
2012,A Mithun,32,19,0,2,1,0,10.74,inf,inf
2012,A Nehra,399,291,12,12,1,2,8.47,34.25,24.25
2012,A Singh,299,204,12,18,7,0,9.32,26.42,17.0
2012,AA Chavan,230,169,7,15,5,0,8.7,35.0,24.14
2012,AA Jhunjhunwala,38,36,1,1,0,0,6.5,39.0,36.0
2012,AB Agarkar,130,90,4,4,4,0,8.93,33.5,22.5
2012,AB Dinda,158,154,10,13,6,4,6.66,17.1,15.4
2012,AB McDonald,60,61,5,3,1,0,6.2,12.6,12.2
2012,AC Thomas,106,87,5,10,2,1,8.0,23.2,17.4
2012,AD Mascarenhas,104,97,7,6,1,0,6.8,15.71,13.86
2012,AD Mathews,189,158,7,6,2,0,7.41,27.86,22.57
2012,AD Russell,159,98,1,3,1,1,9.92,162.0,98.0
2012,AG Murtaza,11,12,0,0,0,0,5.5,inf,inf
2012,AL Menaria,23,20,1,0,0,0,6.9,23.0,20.0
2012,AM Nayar,16,6,0,0,0,0,16.0,inf,inf
2012,AN Ahmed,16,13,0,1,1,0,7.85,inf,inf
2012,AUK Pathan,14,6,0,0,0,0,14.0,inf,inf
2012,Anand Rajan,104,76,3,9,4,1,8.92,37.67,25.33
2012,Ankit Sharma,163,147,4,4,2,0,6.82,41.75,36.75
2012,Azhar Mahmood,316,265,14,15,7,2,7.49,23.64,18.93
2012,B Kumar,271,240,9,22,5,1,7.32,32.56,26.67
2012,B Lee,293,234,7,10,4,2,7.77,43.29,33.43
2012,BA Bhatt,135,100,3,8,0,1,8.58,47.67,33.33
2012,BJ Hodge,21,12,1,1,0,0,11.0,22.0,12.0
2012,BW Hilfenhaus,222,215,14,20,9,2,6.75,17.29,15.36
2012,Bipul Sharma,73,48,0,9,2,0,10.25,inf,inf
2012,CH Gayle,64,30,0,3,2,0,13.4,inf,inf
2012,CJ McKay,60,42,1,0,0,0,8.57,60.0,42.0
2012,CL White,25,20,0,2,2,0,8.1,inf,inf
2012,DAJ Bracewell,31,25,3,1,1,0,7.68,10.67,8.33
2012,DE Bollinger,152,113,10,8,5,0,8.5,16.0,11.3
2012,DJ Bravo,442,363,20,30,17,0,7.8,23.6,18.15
2012,DJ Harris,26,18,0,0,0,0,8.67,inf,inf
2012,DJ Hussey,62,55,3,5,1,0,7.31,22.33,18.33
2012,DL Vettori,234,212,6,7,2,0,6.82,40.17,35.33
2012,DR Smith,94,79,3,4,0,1,7.44,32.67,26.33
2012,DS Kulkarni,59,53,6,5,5,0,7.25,10.67,8.83
2012,DT Christian,226,169,9,14,7,0,8.52,26.67,18.78
2012,DW Steyn,275,289,18,15,8,1,6.02,16.11,16.06
2012,F du Plessis,16,6,0,0,0,0,16.0,inf,inf
2012,GB Hogg,245,220,10,17,3,1,7.15,26.2,22.0
2012,GJ Maxwell,21,19,2,1,1,0,6.95,11.0,9.5
2012,HV Patel,337,249,9,15,3,0,8.48,39.11,27.67
2012,Harbhajan Singh,367,335,6,22,11,0,6.97,64.83,55.83
2012,Harmeet Singh,184,141,7,12,5,2,8.34,28.0,20.14
2012,IK Pathan,459,366,10,18,6,0,7.82,47.7,36.6
2012,Iqbal Abdulla,140,134,4,7,2,0,6.58,36.75,33.5
2012,J Botha,292,251,9,12,5,0,7.27,33.78,27.89
2012,J Syed Mohammad,64,43,1,2,1,0,9.21,66.0,43.0
2012,J Theron,63,51,3,3,2,1,7.76,22.0,17.0
2012,JA Morkel,367,315,13,25,17,1,7.47,30.15,24.23
2012,JD Ryder,68,43,1,6,1,0,10.33,74.0,43.0
2012,JD Unadkat,32,18,0,0,0,0,10.67,inf,inf
2012,JEC Franklin,119,92,6,7,2,0,8.22,21.0,15.33
2012,JH Kallis,391,336,16,19,10,2,7.32,25.62,21.0
2012,JP Duminy,98,78,1,6,6,0,8.0,104.0,78.0
2012,JP Faulkner,71,49,3,3,1,0,9.06,24.67,16.33
2012,K Upadhyay,33,24,0,0,0,0,8.25,inf,inf
2012,KA Pollard,327,286,18,25,22,1,7.38,19.56,15.89
2012,KK Cooper,169,149,10,18,5,0,7.53,18.7,14.9
2012,KMDN Kulasekara,90,88,5,6,4,0,6.55,19.2,17.6
2012,KP Appanna,142,107,6,7,5,0,8.36,24.83,17.83
2012,KP Pietersen,49,40,1,4,4,0,7.95,53.0,40.0
2012,L Balaji,151,189,12,18,9,0,5.37,14.08,15.75
2012,LJ Wright,24,12,0,0,0,0,12.0,inf,inf
2012,LR Shukla,12,12,1,0,0,0,6.0,12.0,12.0
2012,M Kartik,252,225,4,15,8,1,7.12,66.75,56.25
2012,M Morkel,438,389,30,28,10,1,7.19,15.53,12.97
2012,M Muralitharan,255,245,15,9,5,0,6.47,17.6,16.33
2012,M de Lange,103,64,3,5,3,1,10.12,36.0,21.33
2012,MJ Clarke,67,66,3,5,0,0,6.55,24.0,22.0
2012,MM Patel,359,288,17,15,4,4,7.79,22.0,16.94
2012,MN Samuels,211,176,9,6,4,0,7.4,24.11,19.56
2012,MS Gony,200,151,4,17,6,1,8.62,54.25,37.75
2012,NLTC Perera,27,15,0,0,0,0,10.8,inf,inf
2012,P Awana,358,296,18,24,13,1,7.74,21.22,16.44
2012,P Kumar,412,395,12,33,17,0,6.76,37.08,32.92
2012,P Negi,151,133,7,2,1,0,6.9,21.86,19.0
2012,P Parameswaran,85,62,5,4,2,0,8.61,17.8,12.4
2012,PC Valthaty,16,6,0,0,0,0,16.0,inf,inf
2012,PJ Sangwan,37,25,1,5,1,0,10.08,42.0,25.0
2012,PP Chawla,413,346,18,12,4,0,7.37,23.61,19.22
2012,PP Ojha,211,186,10,11,5,1,7.16,22.2,18.6
2012,Pankaj Singh,169,127,7,2,1,0,8.08,24.43,18.14
2012,R Ashwin,420,402,19,19,6,1,6.55,23.11,21.16
2012,R Bhatia,385,323,17,15,3,1,7.43,23.53,19.0
2012,R Sharma,298,224,9,7,2,0,8.17,33.89,24.89
2012,R Shukla,30,19,0,2,1,0,10.11,inf,inf
2012,R Vinay Kumar,469,346,21,19,9,2,8.46,23.24,16.48
2012,RA Jadeja,259,216,12,19,6,0,7.72,23.17,18.0
2012,RE van der Merwe,59,61,4,1,1,0,5.9,15.0,15.25
2012,RG Sharma,16,6,0,0,0,0,16.0,inf,inf
2012,RJ Harris,129,109,8,7,1,0,7.49,17.0,13.62
2012,RJ Peterson,70,48,3,0,0,0,8.75,23.33,16.0
2012,RN ten Doeschate,20,21,1,4,3,0,6.86,24.0,21.0
2012,RP Singh,303,260,11,25,12,2,7.57,29.82,23.64
2012,RR Bhatkal,35,12,0,0,0,0,17.5,inf,inf
2012,RR Powar,32,18,0,0,0,0,10.67,inf,inf
2012,S Aravind,48,18,0,0,0,0,16.0,inf,inf
2012,S Dhawan,54,37,3,6,1,0,9.73,20.0,12.33
2012,S Nadeem,313,275,8,7,5,0,6.98,40.0,34.38
2012,SB Jakati,330,248,10,7,2,0,8.15,33.7,24.8
2012,SC Ganguly,94,61,3,3,0,1,9.54,32.33,20.33
2012,SK Raina,104,85,2,2,1,0,7.48,53.0,42.5
2012,SK Trivedi,358,324,14,29,9,3,7.17,27.64,23.14
2012,SL Malinga,331,351,25,24,17,1,6.07,14.2,14.04
2012,SP Narine,318,357,29,14,2,0,5.58,11.45,12.31
2012,SPD Smith,5,2,0,0,0,0,15.0,inf,inf
2012,SR Watson,155,144,6,10,5,1,6.88,27.5,24.0
2012,STR Binny,78,60,3,0,0,0,7.8,26.0,20.0
2012,SW Tait,126,157,7,28,18,2,5.89,22.0,22.43
2012,Shakib Al Hasan,190,185,12,13,5,0,6.58,16.92,15.42
2012,Sunny Gupta,45,19,0,2,1,0,14.84,inf,inf
2012,TM Dilshan,75,44,0,3,2,0,10.64,inf,inf
2012,TP Sudhindra,132,74,1,5,3,1,11.11,137.0,74.0
2012,UT Yadav,435,383,22,24,14,3,7.19,20.86,17.41
2012,V Kohli,49,18,0,0,0,0,16.33,inf,inf
2012,V Pratap Singh,289,211,12,11,7,0,8.53,25.0,17.58
2012,V Sehwag,45,24,0,0,0,0,11.25,inf,inf
2012,VR Aaron,264,192,9,15,6,0,8.72,31.0,21.33
2012,VY Mahesh,76,61,3,7,5,0,8.16,27.67,20.33
2012,WD Parnell,124,130,7,9,1,3,6.14,19.0,18.57
2012,Y Nagar,8,7,0,2,1,0,8.57,inf,inf
2012,Y Venugopal Rao,26,12,0,0,0,0,13.0,inf,inf
2012,YK Pathan,173,137,4,11,5,0,8.06,46.0,34.25
2012,Z Khan,442,370,21,26,10,0,7.59,22.29,17.62
2013,A Ashish Reddy,69,41,3,2,1,0,10.39,23.67,13.67
2013,A Chandila,156,150,6,2,0,0,6.32,26.33,25.0
2013,A Mishra,390,376,24,5,2,2,6.3,16.46,15.67
2013,A Mithun,36,25,1,1,1,0,8.88,37.0,25.0
2013,A Nehra,307,221,13,12,5,0,8.66,24.54,17.0
2013,AA Chavan,61,56,1,2,2,0,6.75,63.0,56.0
2013,AB Agarkar,89,63,0,4,3,0,8.86,inf,inf
2013,AB Dinda,455,304,18,11,8,2,9.2,25.89,16.89
2013,AB McDonald,17,12,1,0,0,0,8.5,17.0,12.0
2013,AC Gilchrist,0,1,1,0,0,0,0.0,0.0,1.0
2013,AD Mascarenhas,25,24,0,0,0,0,6.25,inf,inf
2013,AD Mathews,230,188,6,15,2,0,7.82,40.83,31.33
2013,AD Russell,66,44,0,2,2,0,9.27,inf,inf
2013,AG Murtaza,92,62,3,4,2,0,9.29,32.0,20.67
2013,AJ Finch,49,24,1,0,0,0,12.25,49.0,24.0
2013,AM Nayar,56,50,2,3,2,0,7.08,29.5,25.0
2013,AN Ahmed,45,42,3,0,0,0,6.43,15.0,14.0
2013,AS Rajpoot,34,25,1,3,1,0,8.88,37.0,25.0
2013,Anand Rajan,39,51,2,4,3,0,5.06,21.5,25.5
2013,Ankit Sharma,17,12,0,0,0,0,8.5,inf,inf
2013,Azhar Mahmood,326,267,16,9,3,1,7.53,20.94,16.69
2013,B Kumar,344,359,13,37,16,1,6.37,29.31,27.62
2013,B Laughlin,68,45,1,4,3,0,9.6,72.0,45.0
2013,B Lee,83,75,4,6,3,0,7.12,22.25,18.75
2013,BA Bhatt,31,31,1,1,1,0,6.19,32.0,31.0
2013,BAW Mendis,78,72,2,0,0,0,6.5,39.0,36.0
2013,BJ Hodge,3,6,0,0,0,0,3.0,inf,inf
2013,BJ Rohrer,11,7,0,1,1,0,10.29,inf,inf
2013,BMAJ Mendis,36,30,1,0,0,0,7.2,36.0,30.0
2013,Bipul Sharma,21,24,1,0,0,0,5.25,21.0,24.0
2013,CH Gayle,39,25,3,2,1,0,9.84,13.67,8.33
2013,CH Morris,391,309,17,19,8,1,7.96,24.12,18.18
2013,CL White,16,12,1,0,0,0,8.0,16.0,12.0
2013,DJ Bravo,480,392,34,25,16,1,7.73,14.85,11.53
2013,DJ Hussey,89,68,0,4,2,0,8.21,inf,inf
2013,DJG Sammy,163,138,11,6,3,1,7.35,15.36,12.55
2013,DP Nannes,146,126,5,19,5,2,7.86,33.0,25.2
2013,DR Smith,57,32,2,2,0,2,11.06,29.5,16.0
2013,DS Kulkarni,142,119,8,11,6,1,7.71,19.12,14.88
2013,DT Christian,53,38,0,3,0,2,8.84,inf,inf
2013,DW Steyn,377,425,20,33,12,0,5.79,20.5,21.25
2013,GB Hogg,29,21,0,2,1,0,8.86,inf,inf
2013,GH Vihari,37,37,1,2,1,0,6.32,39.0,37.0
2013,GJ Maxwell,23,12,0,1,0,0,12.0,inf,inf
2013,Harbhajan Singh,442,430,25,24,8,2,6.5,18.64,17.2
2013,Harmeet Singh,84,71,6,5,2,1,7.52,14.83,11.83
2013,Harmeet Singh (2),33,25,1,1,1,0,8.16,34.0,25.0
2013,I Sharma,447,374,16,24,13,3,7.56,29.44,23.38
2013,IC Pandey,49,25,1,1,0,1,12.0,50.0,25.0
2013,IK Pathan,374,315,11,17,7,0,7.45,35.55,28.64
2013,Iqbal Abdulla,142,113,7,0,0,0,7.54,20.29,16.14
2013,J Botha,107,102,5,7,2,0,6.71,22.8,20.4
2013,J Syed Mohammad,89,62,4,3,2,0,8.9,23.0,15.5
2013,JA Morkel,153,149,8,14,5,0,6.72,20.88,18.62
2013,JD Unadkat,365,299,13,8,5,0,7.48,28.69,23.0
2013,JDP Oram,20,26,0,8,2,0,6.46,inf,inf
2013,JH Kallis,383,329,19,24,7,4,7.42,21.42,17.32
2013,JJ Bumrah,67,45,3,7,1,2,9.87,24.67,15.0
2013,JO Holder,163,125,4,10,5,0,8.3,43.25,31.25
2013,JP Faulkner,411,395,33,25,16,0,6.62,13.21,11.97
2013,K Upadhyay,46,32,0,2,2,0,9.0,inf,inf
2013,KA Pollard,281,197,10,11,11,0,8.89,29.2,19.7
2013,KK Cooper,424,341,22,32,17,0,8.02,20.73,15.5
2013,KV Sharma,228,211,12,7,2,0,6.68,19.58,17.58
2013,KW Richardson,99,73,2,4,2,0,8.47,51.5,36.5
2013,L Balaji,375,311,13,24,11,0,7.7,30.69,23.92
2013,LJ Wright,96,63,2,5,4,0,9.62,50.5,31.5
2013,LR Shukla,22,18,1,0,0,0,7.33,22.0,18.0
2013,M Kartik,275,241,11,15,7,0,7.22,26.36,21.91
2013,M Morkel,328,247,8,13,4,3,8.28,42.62,30.88
2013,M Muralitharan,174,141,3,18,2,1,8.17,64.0,47.0
2013,MC Henriques,180,132,8,7,5,0,8.5,23.38,16.5
2013,MG Johnson,436,403,24,35,19,0,7.01,19.62,16.79
2013,MG Neser,61,25,0,1,0,1,14.88,inf,inf
2013,MM Patel,136,91,3,2,1,0,9.1,46.0,30.33
2013,MM Sharma,319,311,21,8,7,0,6.31,15.57,14.81
2013,MN Samuels,33,25,1,1,1,0,8.16,34.0,25.0
2013,MR Marsh,176,122,7,8,5,1,9.05,26.29,17.43
2013,MS Gony,249,175,7,12,6,1,8.95,37.29,25.0
2013,Mohammed Shami,71,57,1,8,3,0,8.32,79.0,57.0
2013,NLTC Perera,466,369,21,24,8,3,7.97,23.33,17.57
2013,NM Coulter-Nile,28,25,1,1,1,0,6.96,29.0,25.0
2013,P Awana,402,332,16,14,6,2,7.52,26.0,20.75
2013,P Kumar,355,354,13,39,16,0,6.68,30.31,27.23
2013,P Negi,26,26,0,2,2,0,6.46,inf,inf
2013,P Suyal,20,19,1,2,1,0,6.95,22.0,19.0
2013,PJ Sangwan,48,26,0,4,1,1,12.0,inf,inf
2013,PP Chawla,416,352,11,17,2,0,7.38,39.36,32.0
2013,PP Ojha,373,318,18,18,4,0,7.38,21.72,17.67
2013,PV Tambe,84,69,1,7,3,0,7.91,91.0,69.0
2013,Parvez Rasool,28,30,1,1,0,0,5.8,29.0,30.0
2013,R Ashwin,384,354,16,13,6,0,6.73,24.81,22.12
2013,R Bhatia,327,266,11,7,3,0,7.53,30.36,24.18
2013,R Dhawan,104,95,2,11,3,2,7.26,57.5,47.5
2013,R McLaren,86,46,4,9,4,0,12.39,23.75,11.5
2013,R Rampaul,263,241,15,19,7,2,7.02,18.8,16.07
2013,R Sathish,51,24,1,1,0,0,13.0,52.0,24.0
2013,R Sharma,280,247,9,2,1,0,6.85,31.33,27.44
2013,R Shukla,74,53,4,6,5,0,9.06,20.0,13.25
2013,R Vinay Kumar,503,377,27,19,7,3,8.31,19.33,13.96
2013,RA Jadeja,320,262,15,6,2,1,7.47,21.73,17.47
2013,RE van der Merwe,70,67,4,1,1,0,6.36,17.75,16.75
2013,RG Sharma,5,9,0,1,1,0,4.0,inf,inf
2013,RJ Harris,70,74,1,4,2,0,6.0,74.0,74.0
2013,RN ten Doeschate,24,18,0,0,0,0,8.0,inf,inf
2013,RP Singh,323,251,14,13,10,2,8.03,24.0,17.93
2013,RV Gomez,5,6,1,0,0,0,5.0,5.0,6.0
2013,S Badree,33,25,0,2,1,0,8.4,inf,inf
2013,S Kaul,164,133,5,8,2,0,7.76,34.4,26.6
2013,S Ladda,18,12,1,0,0,0,9.0,18.0,12.0
2013,S Nadeem,255,267,9,9,3,0,5.93,29.33,29.67
2013,S Narwal,15,14,0,2,2,0,7.29,inf,inf
2013,S Sreesanth,156,136,6,15,2,4,7.54,28.5,22.67
2013,SK Raina,23,12,1,0,0,0,11.5,23.0,12.0
2013,SK Trivedi,400,368,12,25,9,0,6.93,35.42,30.67
2013,SL Malinga,453,402,23,31,8,2,7.22,21.04,17.48
2013,SMSM Senanayake,206,195,9,5,3,0,6.49,23.44,21.67
2013,SP Narine,347,387,26,6,3,0,5.47,13.58,14.88
2013,SR Watson,292,256,16,27,6,0,7.48,19.94,16.0
2013,STR Binny,157,149,7,6,5,0,6.56,23.29,21.29
2013,SW Tait,84,70,1,19,10,0,8.83,103.0,70.0
2013,Sandeep Sharma,117,98,8,13,0,2,7.96,16.25,12.25
2013,TL Suman,15,12,1,1,0,0,8.0,16.0,12.0
2013,TM Dilshan,10,6,0,0,0,0,10.0,inf,inf
2013,UT Yadav,503,369,20,30,15,1,8.67,26.65,18.45
2013,V Sehwag,9,6,0,0,0,0,9.0,inf,inf
2013,VS Malik,58,61,2,1,1,0,5.8,29.5,30.5
2013,WD Parnell,121,97,7,20,7,1,8.72,20.14,13.86
2013,YK Pathan,72,55,1,2,1,0,8.07,74.0,55.0
2013,YS Chahal,34,24,0,1,0,0,8.75,inf,inf
2013,Yuvraj Singh,151,133,6,1,1,0,6.86,25.33,22.17
2013,Z Khan,45,38,5,2,2,0,7.42,9.4,7.6
2014,A Mishra,335,230,8,7,3,2,8.92,42.75,28.75
2014,A Nehra,139,93,8,4,3,0,9.23,17.88,11.62
2014,AB Dinda,257,195,5,14,7,2,8.34,54.2,39.0
2014,AD Russell,51,31,2,3,0,1,10.45,27.0,15.5
2014,AN Ahmed,110,89,3,10,1,2,8.09,40.0,29.67
2014,AR Patel,394,403,19,30,7,0,6.31,22.32,21.21
2014,Ankit Sharma,43,48,4,1,0,0,5.5,11.0,12.0
2014,B Kumar,346,327,21,16,8,0,6.64,17.24,15.57
2014,BCJ Cutting,31,24,2,0,0,0,7.75,15.5,12.0
2014,BE Hendricks,119,75,4,8,3,0,10.16,31.75,18.75
2014,BW Hilfenhaus,239,175,9,16,6,1,8.74,28.33,19.44
2014,CJ Anderson,177,114,4,11,6,0,9.89,47.0,28.5
2014,DJ Hussey,36,18,2,2,1,0,12.67,19.0,9.0
2014,DJG Sammy,153,88,3,6,3,1,10.84,53.0,29.33
2014,DR Smith,93,62,4,6,2,0,9.58,24.75,15.5
2014,DS Kulkarni,210,173,6,16,11,0,7.84,37.67,28.83
2014,DW Steyn,425,342,12,16,6,0,7.74,36.75,28.5
2014,GJ Maxwell,127,70,1,6,4,0,11.4,133.0,70.0
2014,HV Patel,107,71,4,11,5,0,9.97,29.5,17.75
2014,Harbhajan Singh,350,336,14,15,6,0,6.52,26.07,24.0
2014,I Sharma,99,68,3,2,2,0,8.91,33.67,22.67
2014,IC Pandey,315,255,7,16,2,1,7.79,47.29,36.43
2014,IK Pathan,203,144,6,6,2,0,8.71,34.83,24.0
2014,Imran Tahir,164,131,11,12,6,0,8.06,16.0,11.91
2014,Iqbal Abdulla,17,12,0,1,0,0,9.0,inf,inf
2014,JA Morkel,117,101,4,10,4,1,7.54,31.75,25.25
2014,JD Unadkat,268,189,10,10,2,0,8.83,27.8,18.9
2014,JDS Neesham,88,57,1,8,3,0,10.11,96.0,57.0
2014,JH Kallis,184,134,4,9,2,0,8.64,48.25,33.5
2014,JJ Bumrah,292,246,6,15,7,1,7.49,51.17,41.0
2014,JO Holder,33,20,1,2,0,2,10.5,35.0,20.0
2014,JP Duminy,230,204,3,12,6,0,7.12,80.67,68.0
2014,JP Faulkner,410,278,17,39,12,2,9.69,26.41,16.35
2014,JW Hastings,28,19,1,1,0,1,9.16,29.0,19.0
2014,K Santokie,87,51,3,4,3,0,10.71,30.33,17.0
2014,KA Pollard,252,160,3,13,8,2,9.94,88.33,53.33
2014,KK Cooper,132,110,4,14,1,1,7.96,36.5,27.5
2014,KV Sharma,373,307,17,20,3,0,7.68,23.12,18.06
2014,KW Richardson,201,167,10,8,5,0,7.51,20.9,16.7
2014,Karanveer Singh,158,126,12,6,6,0,7.81,13.67,10.5
2014,L Balaji,292,211,12,13,6,1,8.67,25.42,17.58
2014,LMP Simmons,34,18,1,0,0,0,11.33,34.0,18.0
2014,LR Shukla,81,58,1,7,2,0,9.1,88.0,58.0
2014,M Kartik,90,49,2,1,1,0,11.14,45.5,24.5
2014,M Morkel,340,305,13,36,15,2,7.4,28.92,23.46
2014,M Muralitharan,121,99,4,4,3,0,7.58,31.25,24.75
2014,M Vijay,13,6,0,0,0,0,13.0,inf,inf
2014,M de Lange,30,26,2,3,1,1,7.62,16.5,13.0
2014,MA Starc,381,340,17,38,16,2,7.39,24.65,20.0
2014,MC Henriques,93,63,4,3,3,0,9.14,24.0,15.75
2014,MG Johnson,425,340,17,25,13,6,7.94,26.47,20.0
2014,MK Tiwary,28,12,0,0,0,0,14.0,inf,inf
2014,MM Sharma,451,324,26,6,1,0,8.46,17.58,12.46
2014,Mohammed Shami,348,281,10,33,16,1,8.14,38.1,28.1
2014,NM Coulter-Nile,25,26,2,2,1,1,6.23,13.5,13.0
2014,P Awana,240,146,9,8,4,1,10.19,27.56,16.22
2014,P Kumar,77,73,4,4,1,0,6.66,20.25,18.25
2014,P Negi,74,43,1,2,1,0,10.6,76.0,43.0
2014,P Suyal,32,21,1,3,3,0,10.0,35.0,21.0
2014,PJ Cummins,29,24,2,0,0,0,7.25,14.5,12.0
2014,PP Chawla,302,238,14,2,1,0,7.66,21.71,17.0
2014,PP Ojha,366,282,5,19,6,0,8.19,77.0,56.4
2014,PV Tambe,342,304,15,23,10,0,7.2,24.33,20.27
2014,Parvez Rasool,80,56,1,3,2,0,8.89,83.0,56.0
2014,R Ashwin,414,379,17,32,20,0,7.06,26.24,22.29
2014,R Bhatia,279,232,13,8,4,0,7.42,22.08,17.85
2014,R Dhawan,346,294,15,27,10,0,7.61,24.87,19.6
2014,R Rampaul,36,37,2,1,1,0,6.0,18.5,18.5
2014,R Sharma,65,36,1,0,0,0,10.83,65.0,36.0
2014,R Shukla,94,58,3,11,1,3,10.86,35.0,19.33
2014,R Tewatia,58,55,3,1,1,0,6.44,19.67,18.33
2014,R Vinay Kumar,279,194,10,15,2,0,9.09,29.4,19.4
2014,RA Jadeja,436,332,20,10,6,0,8.06,22.3,16.6
2014,RG Sharma,26,18,1,0,0,0,8.67,26.0,18.0
2014,RN ten Doeschate,35,30,1,0,0,0,7.0,35.0,30.0
2014,S Badree,90,87,2,13,3,0,7.1,51.5,43.5
2014,S Gopal,112,85,6,1,1,0,7.98,18.83,14.17
2014,S Kaul,122,82,2,14,4,0,9.95,68.0,41.0
2014,S Nadeem,303,235,9,11,6,1,8.02,34.89,26.11
2014,S Rana,16,12,0,0,0,0,8.0,inf,inf
2014,SA Yadav,8,6,0,0,0,0,8.0,inf,inf
2014,SB Jakati,41,22,0,0,0,0,11.18,inf,inf
2014,SK Raina,133,109,1,2,1,0,7.43,135.0,109.0
2014,SL Malinga,244,243,17,23,7,1,6.59,15.71,14.29
2014,SP Narine,416,392,22,16,0,2,6.61,19.64,17.82
2014,SR Watson,157,134,7,12,5,3,7.57,24.14,19.14
2014,STR Binny,64,54,4,1,0,0,7.22,16.25,13.5
2014,Sandeep Sharma,340,255,19,18,11,3,8.42,18.84,13.42
2014,Shakib Al Hasan,326,307,15,13,7,0,6.63,22.6,20.47
2014,Shivam Sharma,121,96,3,0,0,0,7.56,40.33,32.0
2014,TG Southee,73,63,0,5,3,0,7.43,inf,inf
2014,UT Yadav,352,283,12,29,10,3,8.08,31.75,23.58
2014,V Shankar,19,6,0,0,0,0,19.0,inf,inf
2014,VR Aaron,278,238,16,31,15,3,7.79,19.31,14.88
2014,VS Malik,28,19,1,1,1,0,9.16,29.0,19.0
2014,WD Parnell,214,190,7,21,8,1,7.42,33.57,27.14
2014,Y Venugopal Rao,16,12,0,0,0,0,8.0,inf,inf
2014,YK Pathan,10,6,0,0,0,0,10.0,inf,inf
2014,YS Chahal,380,333,12,9,3,0,7.01,32.42,27.75
2014,Yuvraj Singh,183,140,6,8,4,0,8.19,31.83,23.33
2014,Z Khan,142,138,6,14,4,0,6.78,26.0,23.0
2015,A Ashish Reddy,49,37,4,2,1,0,8.27,12.75,9.25
2015,A Mishra,301,249,9,11,8,0,7.52,34.67,27.67
2015,A Nehra,436,385,25,17,12,1,7.06,18.12,15.4
2015,AB Dinda,59,33,0,4,1,2,11.45,inf,inf
2015,AD Mathews,241,185,7,8,5,0,8.08,35.57,26.43
2015,AD Russell,312,254,14,20,9,1,7.84,23.71,18.14
2015,AN Ahmed,120,76,2,9,2,2,10.18,64.5,38.0
2015,AR Patel,382,289,14,17,9,0,8.28,28.5,20.64
2015,Ankit Sharma,108,86,3,6,2,0,7.95,38.0,28.67
2015,Anureet Singh,449,322,16,28,7,5,8.89,29.81,20.12
2015,Azhar Mahmood,39,20,1,2,0,2,12.3,41.0,20.0
2015,B Kumar,393,323,19,26,13,0,7.78,22.05,17.0
2015,BB Sran,29,20,0,7,1,1,10.8,inf,inf
2015,BE Hendricks,105,82,7,7,3,1,8.2,16.0,11.71
2015,Bipul Sharma,50,42,4,0,0,0,7.14,12.5,10.5
2015,CH Gayle,14,13,0,2,1,0,7.38,inf,inf
2015,CH Morris,308,270,15,28,11,1,7.47,22.4,18.0
2015,CJ Anderson,33,24,1,0,0,0,8.25,33.0,24.0
2015,D Wiese,344,262,17,16,8,0,8.24,21.18,15.41
2015,DJ Bravo,416,324,28,26,9,1,8.19,15.79,11.57
2015,DJ Hooda,122,97,1,9,6,0,8.1,131.0,97.0
2015,DJ Muthuswami,101,84,4,7,0,0,7.71,27.0,21.0
2015,DJG Sammy,25,18,0,1,0,0,8.67,inf,inf
2015,DR Smith,17,12,1,0,0,0,8.5,17.0,12.0
2015,DS Kulkarni,261,221,13,29,10,1,7.87,22.31,17.0
2015,DW Steyn,168,116,3,3,2,0,8.84,57.0,38.67
2015,GB Hogg,142,127,10,6,1,0,6.99,14.8,12.7
2015,GJ Maxwell,93,63,2,4,3,0,9.24,48.5,31.5
2015,GS Sandhu,82,48,1,4,0,0,10.75,86.0,48.0
2015,Gurkeerat Singh,64,56,3,2,2,0,7.07,22.0,18.67
2015,HH Pandya,171,107,1,7,4,1,9.98,178.0,107.0
2015,HV Patel,319,272,19,20,9,0,7.48,17.84,14.32
2015,Harbhajan Singh,436,349,19,12,7,0,7.7,23.58,18.37
2015,I Sharma,154,89,1,7,1,4,10.85,161.0,89.0
2015,IC Pandey,220,189,11,8,3,0,7.24,20.73,17.18
2015,Imran Tahir,297,220,15,18,7,0,8.59,21.0,14.67
2015,Iqbal Abdulla,142,121,4,8,7,0,7.44,37.5,30.25
2015,J Botha,79,62,1,3,2,0,7.94,82.0,62.0
2015,J Suchith,330,239,10,8,5,0,8.49,33.8,23.9
2015,J Theron,38,26,1,3,2,0,9.46,41.0,26.0
2015,J Yadav,29,42,2,0,0,0,4.14,14.5,21.0
2015,JA Morkel,107,74,3,6,2,0,9.16,37.67,24.67
2015,JD Unadkat,30,18,0,0,0,0,10.0,inf,inf
2015,JJ Bumrah,176,98,3,8,7,1,11.27,61.33,32.67
2015,JP Duminy,121,107,8,7,5,0,7.18,16.0,13.38
2015,JP Faulkner,415,281,9,18,10,1,9.25,48.11,31.22
2015,KA Pollard,115,81,6,6,4,1,8.96,20.17,13.5
2015,KC Cariappa,28,12,1,0,0,0,14.0,28.0,12.0
2015,KV Sharma,332,239,11,6,0,0,8.49,30.73,21.73
2015,Karanveer Singh,154,87,2,5,3,0,10.97,79.5,43.5
2015,M Morkel,200,174,12,12,5,1,7.31,17.67,14.5
2015,M Vijay,28,24,0,0,0,0,7.0,inf,inf
2015,M de Lange,24,26,1,6,2,0,6.92,30.0,26.0
2015,MA Starc,275,272,22,31,13,1,6.75,13.91,12.36
2015,MC Henriques,151,157,11,13,7,0,6.27,14.91,14.27
2015,MG Johnson,325,231,11,21,11,2,8.99,31.45,21.0
2015,MJ McClenaghan,363,305,18,32,21,2,7.77,21.94,16.94
2015,MM Sharma,473,350,15,9,6,2,8.26,32.13,23.33
2015,NLTC Perera,54,37,1,1,1,0,8.92,55.0,37.0
2015,NM Coulter-Nile,312,264,16,19,8,1,7.52,20.69,16.5
2015,P Kumar,315,230,7,23,14,0,8.82,48.29,32.86
2015,P Negi,249,183,7,10,3,0,8.49,37.0,26.14
2015,P Suyal,88,67,0,9,3,4,8.69,inf,inf
2015,PJ Cummins,87,66,1,16,6,0,9.36,103.0,66.0
2015,PP Chawla,262,212,12,13,2,0,7.78,22.92,17.67
2015,PP Ojha,23,12,0,0,0,0,11.5,inf,inf
2015,PV Tambe,266,204,7,1,0,0,7.85,38.14,29.14
2015,Parvez Rasool,31,30,1,0,0,0,6.2,31.0,30.0
2015,R Ashwin,219,240,10,10,5,1,5.72,22.9,24.0
2015,R Bhatia,46,30,0,1,0,0,9.4,inf,inf
2015,R Dhawan,103,79,1,8,6,1,8.43,111.0,79.0
2015,R Tewatia,31,18,2,0,0,0,10.33,15.5,9.0
2015,R Vinay Kumar,363,265,9,8,3,1,8.4,41.22,29.44
2015,RA Jadeja,328,258,12,6,2,0,7.77,27.83,21.5
2015,RG More,57,37,1,6,2,0,10.22,63.0,37.0
2015,RN ten Doeschate,3,7,1,1,1,0,3.43,4.0,7.0
2015,RS Bopara,153,123,8,11,3,0,8.0,20.5,15.38
2015,S Aravind,130,110,10,2,2,0,7.2,13.2,11.0
2015,S Gopal,23,13,1,0,0,0,10.62,23.0,13.0
2015,S Nadeem,41,44,0,2,2,0,5.86,inf,inf
2015,SA Abbott,55,32,0,2,2,0,10.69,inf,inf
2015,SK Raina,87,78,3,7,6,0,7.23,31.33,26.0
2015,SL Malinga,425,378,26,28,14,4,7.19,17.42,14.54
2015,SN Thakur,36,20,1,3,2,0,11.7,39.0,20.0
2015,SP Narine,230,196,7,16,4,0,7.53,35.14,28.0
2015,SR Watson,250,193,8,23,17,2,8.49,34.12,24.12
2015,STR Binny,135,119,8,8,5,0,7.21,17.88,14.88
2015,Sandeep Sharma,339,311,13,20,10,1,6.93,27.62,23.92
2015,Shakib Al Hasan,118,89,5,5,5,0,8.29,24.6,17.8
2015,Shivam Sharma,44,18,1,0,0,0,14.67,44.0,18.0
2015,TA Boult,222,181,10,17,13,0,7.92,23.9,18.1
2015,TG Southee,240,175,9,15,6,1,8.74,28.33,19.44
2015,UT Yadav,367,266,12,20,12,2,8.73,32.25,22.17
2015,V Kohli,10,11,1,0,0,0,5.45,10.0,11.0
2015,VR Aaron,164,113,4,16,9,0,9.56,45.0,28.25
2015,YK Pathan,97,60,2,3,0,0,10.0,50.0,30.0
2015,YS Chahal,413,283,24,3,2,0,8.82,17.33,11.79
2015,Yuvraj Singh,71,55,1,4,1,0,8.18,75.0,55.0
2015,Z Khan,145,155,8,14,10,0,6.15,19.88,19.38
2016,A Ashish Reddy,39,23,1,1,0,0,10.43,40.0,23.0
2016,A Mishra,332,284,14,18,6,2,7.39,25.0,20.29
2016,A Nehra,192,161,11,8,5,0,7.45,18.18,14.64
2016,A Zampa,110,103,12,7,1,0,6.82,9.75,8.58
2016,AB Dinda,222,192,13,14,8,1,7.38,18.15,14.77
2016,AD Russell,282,224,19,19,5,0,8.06,15.84,11.79
2016,AF Milne,38,25,1,6,1,0,10.56,44.0,25.0
2016,AR Patel,381,294,13,14,7,0,8.06,30.38,22.62
2016,AS Rajpoot,88,72,3,13,5,1,8.42,33.67,24.0
2016,Ankit Sharma,78,70,1,6,4,0,7.2,84.0,70.0
2016,Anureet Singh,41,38,1,3,0,2,6.95,44.0,38.0
2016,B Kumar,466,414,24,37,17,1,7.29,20.96,17.25
2016,BB Sran,398,312,14,22,15,0,8.08,30.0,22.29
2016,BCJ Cutting,79,68,5,1,1,0,7.06,16.0,13.6
2016,Bipul Sharma,121,84,5,2,0,0,8.79,24.6,16.8
2016,C Munro,15,12,0,0,0,0,7.5,inf,inf
2016,CH Gayle,57,65,2,8,4,1,6.0,32.5,32.5
2016,CH Morris,294,274,16,26,9,1,7.01,20.0,17.12
2016,CJ Jordan,241,181,13,25,11,2,8.82,20.46,13.92
2016,CR Brathwaite,181,143,9,11,1,3,8.06,21.33,15.89
2016,D Wiese,46,27,0,3,2,1,10.89,inf,inf
2016,DJ Bravo,481,348,19,21,11,1,8.66,26.42,18.32
2016,DJ Hooda,94,80,3,3,2,0,7.28,32.33,26.67
2016,DL Chahar,38,33,0,4,3,0,7.64,inf,inf
2016,DR Smith,148,113,8,6,4,1,8.18,19.25,14.12
2016,DS Kulkarni,361,297,20,4,3,0,7.37,18.25,14.85
2016,DW Steyn,16,13,0,1,1,0,7.85,inf,inf
2016,GB Hogg,136,98,5,8,2,0,8.82,28.8,19.6
2016,GJ Maxwell,78,55,0,3,1,0,8.84,inf,inf
2016,Gurkeerat Singh,29,26,2,2,2,0,7.15,15.5,13.0
2016,HH Pandya,147,106,3,8,6,0,8.77,51.67,35.33
2016,HV Patel,141,90,2,6,5,1,9.8,73.5,45.0
2016,Harbhajan Singh,386,300,9,16,6,0,8.04,44.67,33.33
2016,I Sharma,135,97,3,16,6,1,9.34,50.33,32.33
2016,IK Pathan,61,48,0,0,0,0,7.62,inf,inf
2016,Imran Tahir,137,97,5,4,1,0,8.72,28.2,19.4
2016,Iqbal Abdulla,208,155,7,8,5,0,8.36,30.86,22.14
2016,J Suchith,29,14,0,2,2,0,13.29,inf,inf
2016,J Yadav,123,104,2,2,2,0,7.21,62.5,52.0
2016,JA Morkel,61,34,3,5,4,0,11.65,22.0,11.33
2016,JD Unadkat,48,19,0,1,1,0,15.47,inf,inf
2016,JJ Bumrah,396,322,18,17,6,4,7.7,22.94,17.89
2016,JO Holder,98,83,3,7,4,1,7.59,35.0,27.67
2016,JP Duminy,54,43,2,1,1,0,7.67,27.5,21.5
2016,JP Faulkner,160,108,2,8,4,2,9.33,84.0,54.0
2016,JW Hastings,35,42,2,2,2,0,5.29,18.5,21.0
2016,KA Pollard,80,37,0,2,1,0,13.3,inf,inf
2016,KC Cariappa,156,105,3,4,2,1,9.14,53.33,35.0
2016,KH Pandya,225,194,7,13,7,0,7.36,34.0,27.71
2016,KJ Abbott,170,102,2,12,5,1,10.71,91.0,51.0
2016,KS Williamson,7,6,0,0,0,0,7.0,inf,inf
2016,KV Sharma,169,100,1,5,2,0,10.44,174.0,100.0
2016,KW Richardson,130,86,8,8,2,0,9.63,17.25,10.75
2016,Kuldeep Yadav,94,74,7,8,2,0,8.27,14.57,10.57
2016,M Ashwin,234,176,7,11,5,0,8.35,35.0,25.14
2016,M Morkel,290,220,10,9,5,2,8.15,29.9,22.0
2016,M Vijay,7,7,0,1,1,0,6.86,inf,inf
2016,MC Henriques,409,318,14,9,6,0,7.89,29.86,22.71
2016,MG Johnson,103,69,3,5,2,1,9.39,36.0,23.0
2016,MJ McClenaghan,424,332,18,25,11,1,8.11,24.94,18.44
2016,MM Sharma,394,304,16,16,13,0,8.09,25.62,19.0
2016,MP Stoinis,191,140,9,12,2,0,8.7,22.56,15.56
2016,MR Marsh,44,55,4,1,1,0,4.91,11.25,13.75
2016,Mohammed Shami,235,156,8,17,4,1,9.69,31.5,19.5
2016,Mustafizur Rahman,411,376,19,16,10,0,6.81,22.47,19.79
2016,N Rana,3,6,0,0,0,0,3.0,inf,inf
2016,NLTC Perera,323,202,10,3,3,0,9.68,32.6,20.2
2016,NM Coulter-Nile,111,93,4,9,1,2,7.74,30.0,23.25
2016,P Kumar,383,319,10,25,10,0,7.67,40.8,31.9
2016,P Negi,84,54,2,0,0,0,9.33,42.0,27.0
2016,P Sahu,144,107,3,8,2,0,8.52,50.67,35.67
2016,PJ Sangwan,48,25,0,1,1,0,11.76,inf,inf
2016,PP Chawla,265,216,12,8,3,1,7.58,22.75,18.0
2016,PV Tambe,142,97,5,1,1,0,8.85,28.6,19.4
2016,Parvez Rasool,129,84,1,1,0,0,9.29,130.0,84.0
2016,R Ashwin,299,278,11,22,14,0,6.93,29.18,25.27
2016,R Bhatia,240,208,6,9,3,1,7.18,41.5,34.67
2016,R Dhawan,53,45,2,3,3,0,7.47,28.0,22.5
2016,R Sathish,57,38,2,2,2,0,9.32,29.5,19.0
2016,R Vinay Kumar,61,57,4,4,3,0,6.84,16.25,14.25
2016,RA Jadeja,305,247,9,15,5,1,7.77,35.56,27.44
2016,RP Singh,107,76,3,7,3,1,9.0,38.0,25.33
2016,S Aravind,205,182,11,17,7,0,7.32,20.18,16.55
2016,S Gopal,18,18,0,1,0,0,6.33,inf,inf
2016,S Kaushik,188,142,6,7,3,1,8.24,32.5,23.67
2016,S Ladda,21,12,0,0,0,0,10.5,inf,inf
2016,S Nadeem,126,91,3,1,1,0,8.37,42.33,30.33
2016,SB Jakati,175,123,2,6,2,1,8.83,90.5,61.5
2016,SK Raina,81,61,0,3,1,0,8.26,inf,inf
2016,SM Boland,53,43,3,3,1,0,7.81,18.67,14.33
2016,SP Narine,294,262,13,16,6,0,7.1,23.85,20.15
2016,SR Watson,463,360,23,27,20,1,8.17,21.3,15.65
2016,STR Binny,132,104,1,2,2,0,7.73,134.0,104.0
2016,Sachin Baby,8,10,3,0,0,0,4.8,2.67,3.33
2016,Sandeep Sharma,357,309,19,17,9,0,7.26,19.68,16.26
2016,Shakib Al Hasan,239,190,5,8,4,0,7.8,49.4,38.0
2016,Swapnil Singh,29,18,0,0,0,0,9.67,inf,inf
2016,T Shamsi,147,96,3,4,0,0,9.44,50.33,32.0
2016,TA Boult,37,26,1,2,2,0,9.0,39.0,26.0
2016,TG Southee,319,268,9,14,10,0,7.46,37.0,29.78
2016,UT Yadav,227,163,12,19,5,2,9.06,20.5,13.58
2016,V Kohli,11,8,0,2,0,2,9.75,inf,inf
2016,VR Aaron,214,155,2,15,11,2,8.86,114.5,77.5
2016,YK Pathan,31,38,1,2,2,0,5.21,33.0,38.0
2016,YS Chahal,384,308,22,25,12,1,7.97,18.59,14.0
2016,Yuvraj Singh,51,38,0,1,1,0,8.21,inf,inf
2016,Z Khan,324,271,12,17,9,0,7.55,28.42,22.58
2017,A Choudhary,137,108,5,7,6,1,8.0,28.8,21.6
2017,A Mishra,339,237,10,6,4,0,8.73,34.5,23.7
2017,A Nehra,192,132,10,6,5,0,9.0,19.8,13.2
2017,A Zampa,160,122,7,4,3,0,8.07,23.43,17.43
2017,AB Dinda,114,65,2,7,5,0,11.17,60.5,32.5
2017,AD Mathews,55,31,0,2,1,0,11.03,inf,inf
2017,AF Milne,128,90,4,13,6,0,9.4,35.25,22.5
2017,AJ Tye,139,128,12,7,2,0,6.84,12.17,10.67
2017,AR Patel,356,294,15,10,6,0,7.47,24.4,19.6
2017,AS Rajpoot,104,87,4,9,3,0,7.79,28.25,21.75
2017,Ankit Sharma,16,6,0,0,0,0,16.0,inf,inf
2017,Ankit Soni,141,112,4,4,3,0,7.77,36.25,28.0
2017,Anureet Singh,26,12,0,0,0,0,13.0,inf,inf
2017,Avesh Khan,23,24,1,1,0,0,6.0,24.0,24.0
2017,B Kumar,358,324,28,26,9,1,7.11,13.71,11.57
2017,B Stanlake,68,50,2,2,2,0,8.4,35.0,25.0
2017,BA Stokes,305,274,14,22,10,0,7.16,23.36,19.57
2017,BB Sran,28,13,0,1,1,0,13.38,inf,inf
2017,BCJ Cutting,120,79,2,3,3,0,9.34,61.5,39.5
2017,Basil Thampi,414,278,15,14,10,0,9.24,28.53,18.53
2017,Bipul Sharma,127,100,3,4,2,0,7.86,43.67,33.33
2017,C de Grandhomme,129,102,4,7,4,2,8.0,34.0,25.5
2017,CH Morris,237,189,14,4,3,0,7.65,17.21,13.5
2017,CJ Anderson,177,121,4,10,8,0,9.27,46.75,30.25
2017,CJ Jordan,8,7,1,2,1,0,8.57,10.0,7.0
2017,CR Brathwaite,65,38,1,2,2,0,10.58,67.0,38.0
2017,CR Woakes,372,278,18,21,14,0,8.48,21.83,15.44
2017,DJ Hooda,42,24,2,0,0,0,10.5,21.0,12.0
2017,DL Chahar,72,44,1,3,2,0,10.23,75.0,44.0
2017,DR Smith,144,82,2,7,4,0,11.05,75.5,41.0
2017,DS Kulkarni,168,118,3,5,5,0,8.8,57.67,39.33
2017,DT Christian,289,249,12,14,9,0,7.3,25.25,20.75
2017,GJ Maxwell,124,115,7,2,1,0,6.57,18.0,16.43
2017,HH Pandya,207,162,6,12,6,0,8.11,36.5,27.0
2017,HV Patel,42,25,3,1,1,0,10.32,14.33,8.33
2017,Harbhajan Singh,265,247,8,4,1,0,6.53,33.62,30.88
2017,I Sharma,172,114,0,18,5,1,10.0,inf,inf
2017,IK Pathan,26,12,2,0,0,0,13.0,13.0,6.0
2017,Imran Tahir,364,286,19,6,3,1,7.76,19.47,15.05
2017,Iqbal Abdulla,51,34,2,4,4,0,9.71,27.5,17.0
2017,J Yadav,41,37,0,2,0,1,6.97,inf,inf
2017,JD Unadkat,318,279,27,12,4,0,7.1,12.22,10.33
2017,JJ Bumrah,432,373,23,23,3,8,7.32,19.78,16.22
2017,JP Faulkner,268,164,11,11,1,0,10.21,25.36,14.91
2017,K Rabada,174,137,8,24,7,2,8.67,24.75,17.12
2017,KA Pollard,29,12,0,1,1,0,15.0,inf,inf
2017,KC Cariappa,123,94,4,4,3,1,8.11,31.75,23.5
2017,KH Pandya,267,246,10,13,5,1,6.83,28.0,24.6
2017,KV Sharma,209,189,13,8,5,0,6.89,16.69,14.54
2017,Kuldeep Yadav,335,250,12,10,4,0,8.28,28.75,20.83
2017,LH Ferguson,84,87,5,12,9,0,6.62,19.2,17.4
2017,MC Henriques,240,148,2,8,3,1,10.05,124.0,74.0
2017,MG Johnson,135,125,9,12,5,0,7.06,16.33,13.89
2017,MJ Henry,70,31,2,1,1,0,13.74,35.5,15.5
2017,MJ McClenaghan,486,345,20,26,16,5,8.9,25.6,17.25
2017,MM Patel,57,42,1,1,0,0,8.29,58.0,42.0
2017,MM Sharma,406,277,13,6,2,1,8.92,31.69,21.31
2017,MN Samuels,34,18,0,0,0,0,11.33,inf,inf
2017,MP Stoinis,104,69,2,7,6,0,9.65,55.5,34.5
2017,MS Gony,29,15,0,3,3,0,12.8,inf,inf
2017,Mohammad Nabi,58,66,2,1,0,0,5.36,29.5,33.0
2017,Mohammed Shami,230,165,8,18,9,0,9.02,31.0,20.62
2017,Mohammed Siraj,209,141,10,5,3,0,9.11,21.4,14.1
2017,Mustafizur Rahman,33,17,0,1,1,0,12.0,inf,inf
2017,NB Singh,14,25,1,4,1,0,4.32,18.0,25.0
2017,NM Coulter-Nile,220,178,16,12,5,3,7.82,14.5,11.12
2017,P Kumar,140,108,6,14,9,0,8.56,25.67,18.0
2017,P Negi,190,200,17,12,7,0,6.06,11.88,11.76
2017,PJ Cummins,361,289,16,32,11,1,8.16,24.56,18.06
2017,PJ Sangwan,179,110,6,4,2,0,9.98,30.5,18.33
2017,PP Chawla,177,122,6,2,2,0,8.8,29.83,20.33
2017,R Bhatia,53,43,2,2,1,0,7.67,27.5,21.5
2017,R Tewatia,48,55,3,3,1,0,5.56,17.0,18.33
2017,R Vinay Kumar,28,20,2,3,2,0,9.3,15.5,10.0
2017,RA Jadeja,348,229,5,4,1,0,9.22,70.4,45.8
2017,RA Tripathi,12,6,0,0,0,0,12.0,inf,inf
2017,RD Chahar,54,46,2,5,4,0,7.7,29.5,23.0
2017,Rashid Khan,352,328,18,16,4,0,6.73,20.44,18.22
2017,S Aravind,268,190,5,10,6,1,8.78,55.6,38.0
2017,S Badree,186,151,9,5,1,0,7.59,21.22,16.78
2017,S Kaul,293,221,16,10,6,1,8.23,18.94,13.81
2017,S Kaushik,103,68,0,6,2,0,9.62,inf,inf
2017,S Nadeem,116,110,6,3,3,0,6.49,19.83,18.33
2017,SB Jakati,46,32,0,6,2,0,9.75,inf,inf
2017,SK Raina,102,72,1,0,0,0,8.5,102.0,72.0
2017,SL Malinga,360,287,11,28,16,2,8.11,35.27,26.09
2017,SN Thakur,301,239,13,18,10,0,8.01,24.54,18.38
2017,SP Narine,394,362,12,18,8,0,6.83,34.33,30.17
2017,SR Watson,241,165,5,5,4,0,8.95,49.2,33.0
2017,SS Agarwal,42,24,1,0,0,0,10.5,42.0,24.0
2017,STR Binny,49,37,4,1,1,0,8.11,12.5,9.25
2017,Sandeep Sharma,386,300,17,16,11,1,8.04,23.65,17.65
2017,Shakib Al Hasan,31,18,0,3,0,0,11.33,inf,inf
2017,Swapnil Singh,60,43,1,1,1,0,8.51,61.0,43.0
2017,T Natarajan,109,82,2,7,6,0,8.49,58.0,41.0
2017,TA Boult,211,148,5,11,5,0,9.0,44.4,29.6
2017,TG Southee,90,66,3,7,5,1,8.82,32.33,22.0
2017,TM Head,81,48,3,0,0,0,10.12,27.0,16.0
2017,TS Mills,144,111,5,13,4,0,8.49,31.4,22.2
2017,Tejas Baroka,33,21,0,0,0,0,9.43,inf,inf
2017,UT Yadav,394,304,18,38,13,0,8.53,24.0,16.89
2017,VR Aaron,154,129,7,16,8,1,7.91,24.29,18.43
2017,Washington Sundar,183,182,9,6,2,0,6.23,21.0,20.22
2017,YK Pathan,41,24,1,0,0,0,10.25,41.0,24.0
2017,YS Chahal,321,271,14,30,8,2,7.77,25.07,19.36
2017,Yuvraj Singh,22,12,2,1,0,0,11.5,11.5,6.0
2017,Z Khan,308,246,12,15,5,0,7.88,26.92,20.5
2018,A Dananjaya,46,25,0,1,1,0,11.28,inf,inf
2018,A Mishra,259,226,13,6,4,0,7.04,20.38,17.38
2018,AD Russell,343,239,13,17,11,1,9.04,27.69,18.38
2018,AJ Tye,431,353,28,28,15,2,7.8,16.39,12.61
2018,AR Patel,216,158,3,5,2,0,8.39,73.67,52.67
2018,AS Rajpoot,214,166,11,16,7,2,8.31,20.91,15.09
2018,Ankit Sharma,11,6,0,0,0,0,11.0,inf,inf
2018,Anureet Singh,42,24,2,0,0,0,10.5,21.0,12.0
2018,Avesh Khan,201,117,4,4,2,1,10.51,51.25,29.25
2018,B Kumar,345,286,10,12,7,2,7.49,35.7,28.6
2018,B Laughlin,203,134,9,9,7,1,9.49,23.56,14.89
2018,B Stanlake,126,100,5,4,4,0,7.8,26.0,20.0
2018,BA Stokes,293,232,9,14,9,1,7.94,34.11,25.78
2018,BB Sran,213,146,6,18,12,2,9.49,38.5,24.33
2018,BCJ Cutting,165,105,2,4,3,0,9.66,84.5,52.5
2018,Basil Thampi,113,62,5,2,1,0,11.13,23.0,12.4
2018,C de Grandhomme,118,97,3,14,7,0,8.16,44.0,32.33
2018,CH Morris,140,87,3,8,3,0,10.21,49.33,29.0
2018,CJ Anderson,110,56,5,7,4,0,12.54,23.4,11.2
2018,CJ Dala,33,19,0,1,1,0,10.74,inf,inf
2018,CJ Jordan,30,25,0,5,1,0,8.4,inf,inf
2018,CR Brathwaite,91,64,6,5,3,0,9.0,16.0,10.67
2018,CR Woakes,182,118,8,14,8,0,9.97,24.5,14.75
2018,DJ Bravo,516,338,18,22,17,0,9.55,29.89,18.78
2018,DJ Hooda,23,19,0,2,1,0,7.89,inf,inf
2018,DJ Willey,94,61,2,2,1,0,9.44,48.0,30.5
2018,DJM Short,19,18,1,4,0,0,7.67,23.0,18.0
2018,DL Chahar,259,248,10,22,17,2,6.8,28.1,24.8
2018,DS Kulkarni,181,126,4,8,7,0,9.0,47.25,31.5
2018,DT Christian,101,71,4,5,0,0,8.96,26.5,17.75
2018,GJ Maxwell,130,98,5,2,2,0,8.08,26.4,19.6
2018,HH Pandya,367,270,19,24,13,1,8.69,20.58,14.21
2018,HV Patel,160,109,7,9,4,0,9.3,24.14,15.57
2018,Harbhajan Singh,268,193,7,2,2,0,8.39,38.57,27.57
2018,IS Sodhi,135,138,5,2,0,0,5.96,27.4,27.6
2018,Imran Tahir,186,126,6,7,2,0,9.19,32.17,21.0
2018,JC Archer,309,249,15,20,14,2,7.93,21.93,16.6
2018,JD Unadkat,478,310,12,8,7,1,9.41,40.5,25.83
2018,JJ Bumrah,359,333,17,24,7,2,6.9,22.53,19.59
2018,JP Duminy,36,18,0,0,0,0,12.0,inf,inf
2018,JPR Scantlebury-Searles,86,45,2,3,3,0,11.87,44.5,22.5
2018,K Gowtham,308,244,12,13,4,0,7.89,26.75,20.33
2018,K Khejroliya,102,70,2,8,5,0,9.43,55.0,35.0
2018,KH Pandya,279,246,14,9,5,0,7.02,20.57,17.57
2018,KK Ahmed,37,19,0,2,1,0,12.32,inf,inf
2018,KM Asif,73,38,3,2,2,0,11.84,25.0,12.67
2018,KV Sharma,88,58,4,2,1,0,9.31,22.5,14.5
2018,Kuldeep Yadav,410,312,18,13,4,0,8.13,23.5,17.33
2018,L Ngidi,149,163,13,13,7,0,5.96,12.46,12.54
2018,LE Plunkett,221,154,4,7,4,0,8.88,57.0,38.5
2018,M Ashwin,50,45,3,4,3,0,7.2,18.0,15.0
2018,M Markande,364,268,15,12,4,0,8.42,25.07,17.87
2018,M Prasidh Krishna,251,177,12,10,9,0,8.85,21.75,14.75
2018,MA Wood,48,25,0,2,1,0,12.0,inf,inf
2018,MG Johnson,209,133,2,9,7,0,9.83,109.0,66.5
2018,MJ McClenaghan,317,250,16,23,9,1,8.16,21.25,15.62
2018,MK Lomror,27,18,0,0,0,0,9.0,inf,inf
2018,MK Tiwary,7,7,0,3,1,0,8.57,inf,inf
2018,MM Ali,95,81,6,3,2,0,7.26,16.33,13.5
2018,MM Sharma,314,186,7,14,6,2,10.58,46.86,26.57
2018,MP Stoinis,120,66,3,1,0,0,11.0,40.33,22.0
2018,Mohammad Nabi,47,30,1,0,0,0,9.4,47.0,30.0
2018,Mohammed Shami,142,85,3,2,2,0,10.16,48.0,28.33
2018,Mohammed Siraj,345,264,12,27,18,0,8.45,31.0,22.0
2018,Mujeeb Ur Rahman,282,254,15,10,6,0,6.9,19.47,16.93
2018,Mustafizur Rahman,228,167,9,4,0,2,8.34,25.78,18.56
2018,N Rana,43,38,4,1,1,0,6.95,11.0,9.5
2018,P Negi,49,24,1,0,0,0,12.25,49.0,24.0
2018,PJ Sangwan,19,12,0,1,0,0,10.0,inf,inf
2018,PP Chawla,410,296,14,9,2,0,8.49,29.93,21.14
2018,R Ashwin,399,314,11,12,10,0,7.85,37.36,28.55
2018,R Tewatia,171,134,6,3,2,0,7.79,29.0,22.33
2018,R Vinay Kumar,63,25,2,2,1,1,15.6,32.5,12.5
2018,RA Jadeja,295,250,12,15,4,0,7.44,25.83,20.83
2018,Rashid Khan,455,411,23,11,3,0,6.8,20.26,17.87
2018,S Gopal,234,188,12,5,2,0,7.63,19.92,15.67
2018,S Kaul,541,402,24,17,5,1,8.33,23.25,16.75
2018,S Lamichhane,81,73,5,5,1,0,7.07,17.2,14.6
2018,S Nadeem,159,92,5,3,2,0,10.57,32.4,18.4
2018,SN Thakur,416,295,17,17,15,0,8.81,25.47,17.35
2018,SP Narine,462,371,17,11,5,0,7.65,27.82,21.82
2018,SR Watson,243,176,7,9,8,0,8.59,36.0,25.14
2018,STR Binny,31,14,0,2,1,1,14.14,inf,inf
2018,Sandeep Sharma,324,273,14,10,9,0,7.34,23.86,19.5
2018,Shakib Al Hasan,451,345,16,7,3,0,7.97,28.62,21.56
2018,Shivam Mavi,258,179,7,15,10,1,9.15,39.0,25.57
2018,TA Boult,454,327,20,22,10,1,8.73,23.8,16.35
2018,TG Southee,252,183,8,11,8,1,8.62,32.88,22.88
2018,TK Curran,115,64,6,3,1,2,11.06,19.67,10.67
2018,UT Yadav,406,331,20,18,10,2,7.69,21.2,16.55
2018,V Shankar,54,34,1,4,3,1,10.24,58.0,34.0
2018,Washington Sundar,186,122,4,8,2,0,9.54,48.5,30.5
2018,YK Pathan,14,12,1,0,0,0,7.0,14.0,12.0
2018,YS Chahal,346,313,12,28,10,3,7.17,31.17,26.08
2018,Yuvraj Singh,22,13,0,1,1,0,10.62,inf,inf
2019,A Mishra,267,243,11,4,3,0,6.69,24.64,22.09
2019,AD Russell,286,182,11,2,1,0,9.49,26.18,16.55
2019,AJ Tye,228,137,3,5,5,0,10.2,77.67,45.67
2019,AR Patel,363,307,12,5,1,0,7.19,30.67,25.58
2019,AS Joseph,84,55,6,5,3,0,9.71,14.83,9.17
2019,AS Rajpoot,146,102,3,11,1,5,9.24,52.33,34.0
2019,AS Roy,8,15,1,3,3,0,4.4,11.0,15.0
2019,Abhishek Sharma,20,13,1,1,0,1,9.69,21.0,13.0
2019,Arshdeep Singh,104,65,3,13,5,0,10.8,39.0,21.67
2019,Avesh Khan,29,19,0,1,1,0,9.47,inf,inf
2019,B Kumar,447,367,14,19,12,1,7.62,33.29,26.21
2019,BA Stokes,181,109,6,19,7,1,11.01,33.33,18.17
2019,BB Sran,50,25,0,1,1,0,12.24,inf,inf
2019,BCJ Cutting,27,12,1,0,0,0,13.5,27.0,12.0
2019,Basil Thampi,109,73,0,6,0,1,9.45,inf,inf
2019,C de Grandhomme,54,31,0,1,1,0,10.65,inf,inf
2019,CH Morris,298,206,13,16,6,2,9.15,24.15,15.85
2019,CR Brathwaite,26,21,0,3,3,0,8.29,inf,inf
2019,CV Varun,35,18,1,0,0,0,11.67,35.0,18.0
2019,DJ Bravo,314,263,13,22,14,2,7.67,25.85,20.23
2019,DJ Hooda,20,13,1,1,1,0,9.69,21.0,13.0
2019,DL Chahar,469,400,22,17,10,3,7.29,22.09,18.18
2019,DS Kulkarni,326,219,6,10,8,1,9.21,56.0,36.5
2019,DW Steyn,69,48,4,5,0,0,9.25,18.5,12.0
2019,GC Viljoen,210,146,8,19,8,0,9.41,28.62,18.25
2019,GH Vihari,9,6,0,0,0,0,9.0,inf,inf
2019,HF Gurney,231,169,7,8,6,1,8.49,34.14,24.14
2019,HH Pandya,376,269,16,21,13,1,8.86,24.81,16.81
2019,HV Patel,69,52,3,8,3,1,8.88,25.67,17.33
2019,Harbhajan Singh,305,269,18,10,5,0,7.03,17.5,14.94
2019,Harpreet Brar,48,30,0,0,0,0,9.6,inf,inf
2019,I Sharma,337,285,14,27,9,0,7.66,26.0,20.36
2019,IS Sodhi,66,44,4,1,1,0,9.14,16.75,11.0
2019,Imran Tahir,426,388,26,14,2,0,6.8,16.92,14.92
2019,J Suchith,28,24,2,0,0,0,7.0,14.0,12.0
2019,J Yadav,49,43,1,1,0,1,6.98,50.0,43.0
2019,JC Archer,285,264,12,21,4,2,6.95,25.5,22.0
2019,JD Unadkat,386,236,11,18,12,0,10.27,36.73,21.45
2019,JJ Bumrah,408,382,23,25,4,4,6.8,18.83,16.61
2019,JP Behrendorff,162,117,5,6,3,0,8.62,33.6,23.4
2019,K Gowtham,164,122,1,7,2,0,8.41,171.0,122.0
2019,K Khejroliya,45,31,1,2,1,0,9.1,47.0,31.0
2019,K Rabada,363,298,29,19,10,0,7.69,13.17,10.28
2019,KC Cariappa,33,13,0,1,1,0,15.69,inf,inf
2019,KH Pandya,329,282,12,8,6,0,7.17,28.08,23.5
2019,KK Ahmed,274,222,20,18,13,0,7.89,14.6,11.1
2019,KMA Paul,216,180,10,23,12,5,7.97,23.9,18.0
2019,KV Sharma,33,17,1,0,0,0,11.65,33.0,17.0
2019,Kuldeep Yadav,282,202,5,4,4,0,8.5,57.2,40.4
2019,LH Ferguson,178,107,2,7,5,0,10.37,92.5,53.5
2019,LS Livingstone,13,6,0,0,0,0,13.0,inf,inf
2019,M Ashwin,247,211,5,10,6,1,7.31,51.4,42.2
2019,M Markande,58,37,1,1,1,0,9.57,59.0,37.0
2019,M Prasidh Krishna,374,260,5,20,8,4,9.09,78.8,52.0
2019,MJ McClenaghan,136,114,3,7,6,0,7.53,47.67,38.0
2019,MJ Santner,83,88,4,11,3,1,6.41,23.5,22.0
2019,MM Ali,168,151,7,1,1,0,6.72,24.14,21.57
2019,MM Sharma,27,18,1,0,0,0,9.0,27.0,18.0
2019,MP Stoinis,142,103,2,5,3,0,8.56,73.5,51.5
2019,Mandeep Singh,26,12,0,0,0,0,13.0,inf,inf
2019,Mohammad Nabi,194,175,8,7,0,0,6.89,25.12,21.88
2019,Mohammed Shami,461,331,22,16,6,1,8.65,21.68,15.05
2019,Mohammed Siraj,255,179,8,16,8,2,9.08,33.88,22.38
2019,Mujeeb Ur Rahman,175,123,3,18,9,0,9.41,64.33,41.0
2019,N Rana,70,50,3,3,2,0,8.76,24.33,16.67
2019,NA Saini,386,299,12,24,6,5,8.23,34.17,24.92
2019,O Thomas,76,63,5,9,1,2,8.1,17.0,12.6
2019,P Negi,99,70,3,4,3,0,8.83,34.33,23.33
2019,P Ray Barman,56,24,0,0,0,0,14.0,inf,inf
2019,PP Chawla,399,267,10,6,0,0,9.1,40.5,26.7
2019,R Ashwin,388,342,17,12,12,0,7.02,23.53,20.12
2019,R Parag,121,84,2,0,0,0,8.64,60.5,42.0
2019,R Tewatia,41,39,2,1,1,0,6.46,21.0,19.5
2019,RA Jadeja,341,326,15,6,2,0,6.39,23.13,21.73
2019,RD Chahar,303,287,13,7,5,0,6.48,23.85,22.08
2019,Rashid Khan,380,367,19,16,4,0,6.47,20.84,19.32
2019,Rasikh Salam,39,27,0,3,1,2,9.33,inf,inf
2019,S Dube,7,11,0,1,1,0,4.36,inf,inf
2019,S Gopal,346,289,20,4,0,1,7.27,17.5,14.45
2019,S Kaul,235,169,6,8,5,2,8.63,40.5,28.17
2019,S Lamichhane,210,138,9,1,0,0,9.17,23.44,15.33
2019,S Midhun,26,13,0,3,1,0,13.38,inf,inf
2019,S Nadeem,90,54,3,1,0,0,10.11,30.33,18.0
2019,S Sandeep Warrier,84,73,2,2,0,1,7.07,43.0,36.5
2019,SC Kuggeleijn,69,50,2,2,2,0,8.52,35.5,25.0
2019,SE Rutherford,54,46,1,6,5,0,7.83,60.0,46.0
2019,SK Raina,6,6,0,0,0,0,6.0,inf,inf
2019,SL Malinga,427,280,18,25,9,2,9.69,25.11,15.56
2019,SM Curran,314,207,11,11,8,1,9.42,29.55,18.82
2019,SN Khan,6,2,0,0,0,0,18.0,inf,inf
2019,SN Thakur,271,190,9,14,10,0,9.0,31.67,21.11
2019,SP Narine,336,273,11,17,7,0,7.76,32.09,24.82
2019,STR Binny,43,43,1,1,1,0,6.14,44.0,43.0
2019,Sandeep Sharma,343,265,13,12,9,0,8.04,27.31,20.38
2019,Shakib Al Hasan,94,66,2,1,1,0,8.64,47.5,33.0
2019,TA Boult,156,120,5,7,6,0,8.15,32.6,24.0
2019,TG Southee,110,58,1,13,4,0,12.72,123.0,58.0
2019,UT Yadav,360,238,9,15,10,1,9.45,41.67,26.44
2019,V Shankar,66,52,2,4,3,1,8.08,35.0,26.0
2019,VR Aaron,114,74,4,14,2,0,10.38,32.0,18.5
2019,Washington Sundar,74,54,4,1,0,0,8.33,18.75,13.5
2019,Y Prithvi Raj,54,33,1,3,3,0,10.36,57.0,33.0
2019,YK Pathan,8,6,0,0,0,0,8.0,inf,inf
2019,YS Chahal,374,308,18,20,12,0,7.68,21.89,17.11
2021,A Mishra,180,145,9,1,0,1,7.49,20.11,16.11
2021,A Nortje,676,563,35,51,15,0,7.75,20.77,16.09
2021,A Zampa,91,67,2,1,1,0,8.24,46.0,33.5
2021,AD Russell,348,236,18,19,12,2,9.33,20.39,13.11
2021,AF Milne,128,87,4,7,2,1,9.31,33.75,21.75
2021,AJ Tye,47,27,2,7,2,1,12.0,27.0,13.5
2021,AK Markram,22,25,0,1,1,0,5.52,inf,inf
2021,AR Patel,634,593,27,10,5,0,6.52,23.85,21.96
2021,AS Rajpoot,186,115,2,20,11,2,10.75,103.0,57.5
2021,AU Rashid,35,18,0,0,0,0,11.67,inf,inf
2021,Abdul Samad,100,49,2,5,1,0,12.86,52.5,24.5
2021,Abhishek Sharma,150,124,6,8,4,0,7.65,26.33,20.67
2021,Akash Singh,39,24,0,0,0,0,9.75,inf,inf
2021,Arshdeep Singh,535,421,31,32,23,1,8.08,18.29,13.58
2021,Avesh Khan,473,408,27,35,17,1,7.47,18.81,15.11
2021,B Kumar,424,347,11,13,9,1,7.56,39.73,31.55
2021,BA Stokes,159,102,2,12,4,2,10.06,85.5,51.0
2021,Basil Thampi,46,24,1,0,0,0,11.5,46.0,24.0
2021,C Sakariya,403,334,14,31,18,4,7.8,31.0,23.86
2021,CH Gayle,5,5,0,0,0,0,6.0,inf,inf
2021,CH Morris,552,466,29,56,30,0,7.83,20.97,16.07
2021,CJ Green,24,17,0,0,0,0,8.47,inf,inf
2021,CJ Jordan,394,284,16,29,16,1,8.94,26.44,17.75
2021,CR Woakes,81,67,5,4,0,1,7.61,17.0,13.4
2021,CV Varun,795,729,37,18,6,3,6.69,21.97,19.7
2021,DA Warner,1,2,0,1,1,0,6.0,inf,inf
2021,DJ Bravo,414,356,22,30,28,0,7.48,20.18,16.18
2021,DJ Hooda,145,102,2,1,0,0,8.59,73.0,51.0
2021,DL Chahar,823,660,28,32,24,0,7.77,30.54,23.57
2021,DR Sams,146,115,1,7,6,1,7.98,153.0,115.0
2021,DS Kulkarni,66,46,0,4,4,0,9.13,inf,inf
2021,DT Christian,151,104,4,5,4,0,9.0,39.0,26.0
2021,DW Steyn,128,75,1,6,5,0,10.72,134.0,75.0
2021,FA Allen,89,67,1,1,1,0,8.06,90.0,67.0
2021,GD Phillips,19,13,1,1,1,0,9.23,20.0,13.0
2021,GHS Garton,128,97,3,8,5,2,8.41,45.33,32.33
2021,GJ Maxwell,301,225,6,5,3,0,8.16,51.0,37.5
2021,HV Patel,561,459,38,35,23,8,7.79,15.68,12.08
2021,Harbhajan Singh,60,45,0,3,2,1,8.4,inf,inf
2021,Harpreet Brar,174,166,5,9,4,0,6.61,36.6,33.2
2021,I Sharma,121,92,1,3,2,0,8.09,124.0,92.0
2021,I Udana,274,182,8,12,8,0,9.43,35.75,22.75
2021,IC Porel,37,26,1,5,2,0,9.69,42.0,26.0
2021,Imran Tahir,90,92,4,4,2,0,6.13,23.5,23.0
2021,J Suchith,66,42,1,0,0,0,9.43,66.0,42.0
2021,J Yadav,169,148,4,5,4,0,7.05,43.5,37.0
2021,JA Richardson,114,69,3,8,3,0,10.61,40.67,23.0
2021,JC Archer,354,345,20,19,9,2,6.49,18.65,17.25
2021,JD Unadkat,386,278,9,11,8,0,8.57,44.11,30.89
2021,JDS Neesham,211,147,7,6,3,0,8.86,31.0,21.0
2021,JJ Bumrah,792,731,52,66,23,6,7.04,16.5,14.06
2021,JL Pattinson,311,222,11,10,9,0,8.68,29.18,20.18
2021,JO Holder,456,379,31,31,20,0,7.71,15.71,12.23
2021,JR Hazlewood,351,276,12,23,6,0,8.13,31.17,23.0
2021,Jalaj S Saxena,27,18,0,0,0,0,9.0,inf,inf
2021,K Gowtham,84,48,1,0,0,0,10.5,84.0,48.0
2021,K Rabada,978,760,48,51,22,5,8.12,21.44,15.83
2021,K Yadav,16,12,0,1,0,0,8.5,inf,inf
2021,KA Jamieson,258,179,9,13,8,3,9.08,30.11,19.89
2021,KA Pollard,267,223,10,18,17,1,7.67,28.5,22.3
2021,KH Pandya,610,525,11,44,23,2,7.47,59.45,47.73
2021,KK Ahmed,451,326,15,19,9,1,8.65,31.33,21.73
2021,KL Nagarkoti,252,172,5,6,4,0,9.0,51.6,34.4
2021,KM Asif,17,14,1,1,0,1,7.71,18.0,14.0
2021,KS Williamson,24,12,0,0,0,0,12.0,inf,inf
2021,KV Sharma,161,118,5,4,4,0,8.39,33.0,23.6
2021,KW Richardson,28,19,1,1,1,0,9.16,29.0,19.0
2021,Kartik Tyagi,468,334,14,29,19,2,8.93,35.5,23.86
2021,Kuldeep Yadav,89,75,1,6,2,1,7.6,95.0,75.0
2021,L Ngidi,281,179,15,17,9,2,9.99,19.87,11.93
2021,LH Ferguson,363,313,23,16,8,3,7.27,16.48,13.61
2021,LI Meriwala,31,19,1,1,0,1,10.11,32.0,19.0
2021,Lalit Yadav,101,84,4,0,0,0,7.21,25.25,21.0
2021,M Ashwin,325,262,11,15,6,1,7.79,30.91,23.82
2021,M Jansen,41,40,3,6,3,1,7.05,15.67,13.33
2021,M Markande,26,18,0,0,0,0,8.67,inf,inf
2021,M Prasidh Krishna,489,362,16,33,16,10,8.65,32.62,22.62
2021,MC Henriques,44,61,4,3,1,0,4.62,11.75,15.25
2021,MJ Santner,53,42,2,0,0,0,7.57,26.5,21.0
2021,MK Lomror,46,43,1,1,1,0,6.56,47.0,43.0
2021,MM Ali,199,186,8,6,3,1,6.61,25.62,23.25
2021,MM Sharma,44,25,1,1,0,1,10.8,45.0,25.0
2021,MP Stoinis,391,253,15,20,7,1,9.75,27.4,16.87
2021,MR Marsh,6,4,0,0,0,0,9.0,inf,inf
2021,Mohammad Nabi,106,74,2,4,2,0,8.92,55.0,37.0
2021,Mohammed Shami,836,665,43,46,16,3,7.96,20.51,15.47
2021,Mohammed Siraj,571,493,22,39,17,1,7.42,27.73,22.41
2021,Monu Kumar,16,16,0,4,3,1,7.5,inf,inf
2021,Mujeeb Ur Rahman,107,75,2,6,3,0,9.04,56.5,37.5
2021,Mustafizur Rahman,416,327,18,32,14,2,8.22,24.89,18.17
2021,N Rana,34,25,0,1,1,0,8.4,inf,inf
2021,NA Saini,392,307,8,27,12,3,8.19,52.38,38.38
2021,NM Coulter-Nile,321,286,13,16,9,1,7.07,25.92,22.0
2021,NT Ellis,88,68,1,3,2,0,8.03,91.0,68.0
2021,Navdeep Saini,25,12,0,1,0,0,13.0,inf,inf
2021,P Dubey,72,48,0,0,0,0,9.0,inf,inf
2021,PJ Cummins,619,489,21,42,16,0,8.11,31.48,23.29
2021,PP Chawla,227,152,8,2,1,1,9.04,28.62,19.0
2021,PWH de Silva,60,36,0,0,0,0,10.0,inf,inf
2021,R Ashwin,706,590,23,21,15,1,7.39,31.61,25.65
2021,R Parag,96,52,2,4,3,0,11.54,50.0,26.0
2021,R Tewatia,649,515,19,20,15,2,7.79,35.21,27.11
2021,RA Jadeja,655,521,19,10,7,2,7.66,35.0,27.42
2021,RD Chahar,743,584,29,20,8,0,7.84,26.31,20.14
2021,RG Sharma,13,7,0,0,0,0,11.14,inf,inf
2021,RP Meredith,159,108,4,12,5,1,9.5,42.75,27.0
2021,RV Patel,20,20,0,2,2,0,6.6,inf,inf
2021,Rashid Khan,707,740,39,46,10,0,6.11,19.31,18.97
2021,Ravi Bishnoi,587,538,27,34,16,0,6.93,23.0,19.93
2021,S Dube,120,86,5,8,2,0,8.93,25.6,17.2
2021,S Gopal,506,347,10,7,5,0,8.87,51.3,34.7
2021,S Kaul,308,207,10,9,1,2,9.19,31.7,20.7
2021,S Nadeem,209,161,7,6,2,3,8.01,30.71,23.0
2021,S Sandeep Warrier,46,33,0,3,3,0,8.91,inf,inf
2021,SM Curran,648,474,24,32,20,4,8.61,28.33,19.75
2021,SN Thakur,764,591,32,46,34,4,8.22,25.31,18.47
2021,SP Narine,653,574,24,24,8,2,7.08,28.21,23.92
2021,SS Cottrell,161,131,6,16,11,0,8.11,29.5,21.83
2021,Sandeep Sharma,568,462,17,10,8,1,7.51,34.0,27.18
2021,Shahbaz Ahmed,135,121,9,2,1,0,6.79,15.22,13.44
2021,Shakib Al Hasan,185,157,5,3,1,0,7.18,37.6,31.4
2021,Shivam Mavi,428,366,21,28,14,3,7.48,21.71,17.43
2021,T Natarajan,559,439,21,31,13,1,8.06,28.1,20.9
2021,T Shamsi,34,24,0,0,0,0,8.5,inf,inf
2021,TA Boult,859,671,40,23,14,1,7.89,22.05,16.77
2021,TG Southee,93,74,5,2,2,0,7.7,19.0,14.8
2021,TK Curran,301,188,7,13,10,1,10.02,44.86,26.86
2021,TU Deshpande,184,110,3,9,7,1,10.53,64.33,36.67
2021,UT Yadav,79,46,1,7,3,1,11.22,86.0,46.0
2021,Umran Malik,93,75,2,3,3,0,7.68,48.0,37.5
2021,V Shankar,170,156,8,12,8,3,7.0,22.75,19.5
2021,VR Aaron,87,54,0,9,4,2,10.67,inf,inf
2021,VR Iyer,66,54,3,5,2,1,7.89,23.67,18.0
2021,Washington Sundar,411,400,12,8,3,1,6.28,34.92,33.33
2021,YS Chahal,766,671,41,29,8,2,7.11,19.39,16.37
2022,A Badoni,11,12,2,1,0,0,6.0,6.0,6.0
2022,A Nortje,208,143,9,11,5,4,9.19,24.33,15.89
2022,AD Russell,267,176,21,15,6,1,9.61,13.43,8.38
2022,AF Milne,19,15,0,0,0,0,7.6,inf,inf
2022,AJ Tye,104,69,3,9,3,0,9.83,37.67,23.0
2022,AK Markram,64,36,1,0,0,0,10.67,64.0,36.0
2022,AR Patel,317,261,6,6,3,0,7.43,53.83,43.5
2022,AS Joseph,258,185,8,11,4,1,8.72,33.62,23.12
2022,AS Roy,55,42,1,0,0,0,7.86,55.0,42.0
2022,Abdul Samad,8,6,0,0,0,0,8.0,inf,inf
2022,Abhishek Sharma,38,24,0,1,0,0,9.75,inf,inf
2022,Akash Deep,199,119,6,7,4,2,10.39,34.33,19.83
2022,Aman Hakim Khan,13,6,0,0,0,0,13.0,inf,inf
2022,Arshdeep Singh,364,317,12,38,13,4,7.61,33.5,26.42
2022,Avesh Khan,398,300,19,25,13,1,8.46,22.26,15.79
2022,B Kumar,358,330,13,36,15,2,7.16,30.31,25.38
2022,Basil Thampi,146,102,5,12,6,0,9.29,31.6,20.4
2022,C Sakariya,78,71,3,9,5,0,7.35,29.0,23.67
2022,CJ Jordan,132,80,3,4,1,2,10.2,45.33,26.67
2022,CV Varun,321,245,6,17,8,3,8.28,56.33,40.83
2022,D Brevis,8,3,1,0,0,0,16.0,8.0,3.0
2022,D Pretorius,198,138,7,15,12,0,9.26,30.43,19.71
2022,DG Nalkande,57,33,2,2,2,0,10.73,29.5,16.5
2022,DJ Bravo,276,229,17,27,20,3,7.94,17.82,13.47
2022,DJ Hooda,43,24,1,0,0,0,10.75,43.0,24.0
2022,DJ Mitchell,26,13,0,1,1,0,12.46,inf,inf
2022,DJ Willey,72,66,1,3,0,0,6.82,75.0,66.0
2022,DR Sams,343,274,14,32,21,1,8.21,26.79,19.57
2022,FA Allen,46,24,1,0,0,0,11.5,46.0,24.0
2022,Fazalhaq Farooqi,106,76,2,4,4,0,8.68,55.0,38.0
2022,GJ Maxwell,163,146,8,3,2,0,6.82,20.75,18.25
2022,HH Pandya,216,189,8,10,5,1,7.17,28.25,23.62
2022,HR Shokeen,123,94,2,7,4,0,8.3,65.0,47.0
2022,HV Patel,385,338,21,36,17,0,7.47,20.05,16.1
2022,Harpreet Brar,141,100,4,7,4,0,8.88,37.0,25.0
2022,Harshit Rana,50,31,1,2,0,1,10.06,52.0,31.0
2022,J Suchith,132,115,7,9,7,0,7.36,20.14,16.43
2022,JD Unadkat,186,123,7,5,3,0,9.32,27.29,17.57
2022,JDS Neesham,29,18,0,0,0,0,9.67,inf,inf
2022,JJ Bumrah,376,327,16,16,6,1,7.19,24.5,20.44
2022,JO Holder,374,266,16,25,17,0,9.0,24.94,16.62
2022,JR Hazlewood,367,289,21,13,10,0,7.89,18.1,13.76
2022,K Gowtham,99,72,5,2,0,0,8.42,20.2,14.4
2022,K Kartikeya,102,78,5,1,0,0,7.92,20.6,15.6
2022,K Rabada,386,303,23,28,12,3,8.2,18.0,13.17
2022,KA Pollard,122,87,4,8,3,0,8.97,32.5,21.75
2022,KH Pandya,261,232,11,8,4,0,6.96,24.45,21.09
2022,KK Ahmed,308,242,16,7,6,1,7.81,19.69,15.12
2022,KL Nagarkoti,28,13,0,1,1,0,13.38,inf,inf
2022,KR Sen,230,157,8,10,6,0,9.17,30.0,19.62
2022,Kartik Tyagi,73,54,1,6,4,2,8.78,79.0,54.0
2022,Kuldeep Yadav,411,306,21,9,8,0,8.24,20.0,14.57
2022,LH Ferguson,411,298,16,22,11,1,8.72,27.06,18.62
2022,LS Livingstone,196,144,6,6,6,0,8.42,33.67,24.0
2022,Lalit Yadav,148,110,4,4,1,1,8.29,38.0,27.5
2022,M Ashwin,223,179,9,10,5,0,7.81,25.89,19.89
2022,M Jansen,261,201,7,17,9,0,8.3,39.71,28.71
2022,M Markande,57,42,1,4,0,0,8.71,61.0,42.0
2022,M Pathirana,41,48,2,15,7,0,7.0,28.0,24.0
2022,M Prasidh Krishna,505,432,21,59,30,3,7.83,26.86,20.57
2022,M Theekshana,259,212,12,8,2,0,7.56,22.25,17.67
2022,MJ Santner,130,114,4,5,0,0,7.11,33.75,28.5
2022,MK Lomror,18,12,0,0,0,0,9.0,inf,inf
2022,MM Ali,155,146,8,4,3,0,6.53,19.88,18.25
2022,MP Stoinis,77,44,4,2,2,0,10.77,19.75,11.0
2022,MR Marsh,98,76,4,4,4,0,8.05,25.5,19.0
2022,Mohammed Shami,460,378,21,31,12,0,7.79,23.38,18.0
2022,Mohammed Siraj,486,325,9,39,16,3,9.69,58.33,36.11
2022,Mohsin Khan,185,206,14,17,8,0,5.88,14.43,14.71
2022,Mukesh Choudhary,406,291,16,19,18,0,8.76,26.56,18.19
2022,Mustafizur Rahman,237,199,9,11,7,0,7.48,27.56,22.11
2022,N Rana,23,12,0,0,0,0,11.5,inf,inf
2022,NM Coulter-Nile,46,20,0,3,1,1,14.7,inf,inf
2022,NT Ellis,51,40,4,6,3,1,8.55,14.25,10.0
2022,Navdeep Saini,69,39,3,4,2,1,11.23,24.33,13.0
2022,OC McCoy,219,173,11,23,16,2,8.39,22.0,15.73
2022,OF Smith,173,95,7,6,4,1,11.31,25.57,13.57
2022,PH Solanki,38,36,2,1,0,0,6.5,19.5,18.0
2022,PJ Cummins,200,127,8,19,8,0,10.35,27.38,15.88
2022,PJ Sangwan,63,56,3,3,2,0,7.07,22.0,18.67
2022,PVD Chameera,366,278,11,27,12,2,8.48,35.73,25.27
2022,PWH de Silva,425,346,27,14,4,0,7.61,16.26,12.81
2022,R Ashwin,485,419,13,21,16,1,7.25,38.92,32.23
2022,R Dhawan,151,119,6,13,5,0,8.27,27.33,19.83
2022,R Parag,57,26,1,2,2,0,13.62,59.0,26.0
2022,R Powell,16,7,0,1,1,0,14.57,inf,inf
2022,R Sai Kishore,119,98,6,3,2,0,7.47,20.33,16.33
2022,R Sanjay Yadav,21,14,0,2,2,0,9.86,inf,inf
2022,R Shepherd,93,57,4,5,3,0,10.32,24.5,14.25
2022,R Tewatia,76,36,1,0,0,0,12.67,76.0,36.0
2022,RA Jadeja,243,203,6,9,5,0,7.45,42.0,33.83
2022,RD Chahar,344,290,14,21,10,0,7.55,26.07,20.71
2022,RP Meredith,215,181,10,26,13,0,7.99,24.1,18.1
2022,Ramandeep Singh,49,41,6,6,5,0,8.05,9.17,6.83
2022,Rashid Khan,414,386,20,14,3,0,6.65,21.4,19.3
2022,Rasikh Salam,28,24,0,0,0,0,7.0,inf,inf
2022,Ravi Bishnoi,440,340,14,22,13,3,8.15,33.0,24.29
2022,S Dube,34,14,0,6,2,0,17.14,inf,inf
2022,S Gopal,34,18,1,0,0,0,11.33,34.0,18.0
2022,S Kaul,43,24,0,0,0,0,10.75,inf,inf
2022,SA Abbott,44,27,1,3,3,0,10.44,47.0,27.0
2022,SN Thakur,443,315,16,42,24,1,9.24,30.31,19.69
2022,SP Narine,305,342,10,14,6,0,5.6,31.9,34.2
2022,SS Iyer,7,6,0,0,0,0,7.0,inf,inf
2022,Sandeep Sharma,146,126,3,10,6,0,7.43,52.0,42.0
2022,Shahbaz Ahmed,326,220,4,15,9,1,9.3,85.25,55.0
2022,Shashank Singh,19,13,0,1,1,0,9.23,inf,inf
2022,Shivam Mavi,217,142,5,12,8,2,9.68,45.8,28.4
2022,Simarjeet Singh,129,113,4,14,4,1,7.59,35.75,28.25
2022,T Natarajan,387,272,20,23,14,0,9.04,20.5,13.6
2022,TA Boult,473,387,18,28,15,0,7.77,27.83,21.5
2022,TG Southee,265,220,16,19,9,1,7.75,17.75,13.75
2022,TS Mills,184,107,6,8,5,0,10.77,32.0,17.83
2022,TU Deshpande,62,43,1,5,1,0,9.35,67.0,43.0
2022,Tilak Varma,13,12,0,0,0,0,6.5,inf,inf
2022,UT Yadav,330,297,16,24,4,5,7.15,22.12,18.56
2022,Umran Malik,418,313,23,37,14,4,8.72,19.78,13.61
2022,V Shankar,14,10,1,1,1,0,9.0,15.0,10.0
2022,VG Arora,161,110,4,4,3,0,9.0,41.25,27.5
2022,VR Aaron,49,33,2,4,3,0,9.64,26.5,16.5
2022,VR Iyer,46,24,0,0,0,0,11.5,inf,inf
2022,Washington Sundar,236,170,6,3,1,1,8.44,39.83,28.33
2022,YBK Jaiswal,6,1,0,0,0,0,36.0,inf,inf
2022,YS Chahal,506,429,29,30,21,0,7.5,18.48,14.79
2022,Yash Dayal,283,205,13,13,10,3,8.66,22.77,15.77
2023,A Badoni,0,1,0,0,0,0,0.0,inf,inf
2023,A Mishra,148,115,7,3,1,0,7.88,21.57,16.43
2023,A Nortje,353,251,11,17,8,3,8.84,33.64,22.82
2023,A Zampa,186,133,9,3,1,0,8.53,21.0,14.78
2023,AD Russell,164,99,7,9,5,3,10.48,24.71,14.14
2023,AJ Hosein,40,24,1,1,0,0,10.25,41.0,24.0
2023,AK Markram,70,49,1,1,0,0,8.69,71.0,49.0
2023,AR Patel,328,288,11,16,6,0,7.17,31.27,26.18
2023,AS Joseph,219,150,7,7,6,0,9.04,32.29,21.43
2023,AS Roy,62,51,3,3,3,0,7.65,21.67,17.0
2023,AU Rashid,56,42,2,0,0,0,8.0,28.0,21.0
2023,Abhishek Sharma,121,75,2,6,3,0,10.16,63.5,37.5
2023,Akash Deep,56,33,1,7,1,2,11.45,63.0,33.0
2023,Akash Madhwal,212,160,16,10,2,5,8.32,13.88,10.0
2023,Akash Singh,185,117,5,3,3,0,9.64,37.6,23.4
2023,Arjun Tendulkar,83,68,4,12,8,1,8.38,23.75,17.0
2023,Arshad Khan,176,97,5,16,12,0,11.88,38.4,19.4
2023,Arshdeep Singh,474,324,18,23,19,0,9.2,27.61,18.0
2023,Avesh Khan,277,176,8,10,2,0,9.78,35.88,22.0
2023,B Kumar,408,319,19,24,13,0,8.13,22.74,16.79
2023,BA Stokes,18,6,0,0,0,0,18.0,inf,inf
2023,C Green,343,239,8,27,10,1,9.29,46.25,29.88
2023,C Sakariya,82,55,3,7,6,1,9.71,29.67,18.33
2023,CJ Jordan,228,140,3,13,8,0,10.33,80.33,46.67
2023,CV Varun,417,323,20,28,7,0,8.27,22.25,16.15
2023,D Jansen,49,28,1,4,4,0,11.36,53.0,28.0
2023,D Pretorius,24,28,0,5,4,0,6.21,inf,inf
2023,D Wiese,38,18,0,0,0,0,12.67,inf,inf
2023,DG Nalkande,43,25,1,2,0,1,10.8,45.0,25.0
2023,DJ Hooda,8,6,0,0,0,0,8.0,inf,inf
2023,DJ Willey,101,94,4,5,4,0,6.77,26.5,23.5
2023,DL Chahar,286,215,13,16,11,0,8.43,23.23,16.54
2023,Fazalhaq Farooqi,111,86,4,8,6,0,8.3,29.75,21.5
2023,GD Phillips,20,18,1,0,0,0,6.67,20.0,18.0
2023,GJ Maxwell,92,64,3,3,2,0,8.91,31.67,21.33
2023,Gurnoor Brar,39,21,0,3,1,2,12.0,inf,inf
2023,H Sharma,28,18,0,5,0,0,11.0,inf,inf
2023,HH Pandya,222,156,4,19,5,1,9.27,60.25,39.0
2023,HR Shokeen,178,119,3,12,3,2,9.58,63.33,39.67
2023,HV Patel,432,302,15,36,15,5,9.3,31.2,20.13
2023,Harpreet Brar,215,166,9,4,3,0,7.92,24.33,18.44
2023,Harshit Rana,141,108,6,12,5,1,8.5,25.5,18.0
2023,I Sharma,197,157,10,13,6,1,8.03,21.0,15.7
2023,J Little,287,211,9,9,7,0,8.42,32.89,23.44
2023,J Yadav,26,24,0,0,0,0,6.5,inf,inf
2023,JC Archer,177,129,2,25,7,2,9.4,101.0,64.5
2023,JD Unadkat,84,52,1,8,4,0,10.62,92.0,52.0
2023,JE Root,14,12,0,1,0,0,7.5,inf,inf
2023,JO Holder,279,176,4,11,5,0,9.89,72.5,44.0
2023,JP Behrendorff,373,262,17,22,10,0,9.05,23.24,15.41
2023,JR Hazlewood,73,57,3,3,1,2,8.0,25.33,19.0
2023,K Gowtham,114,100,3,4,4,0,7.08,39.33,33.33
2023,K Kartikeya,219,163,5,12,7,0,8.5,46.2,32.6
2023,K Khejroliya,62,28,2,2,0,2,13.71,32.0,14.0
2023,K Rabada,223,147,7,20,6,3,9.92,34.71,21.0
2023,K Yadav,68,42,2,0,0,0,9.71,34.0,21.0
2023,KH Pandya,312,253,9,8,1,0,7.59,35.56,28.11
2023,KK Ahmed,285,212,10,24,12,2,8.75,30.9,21.2
2023,KM Asif,129,91,3,10,6,1,9.16,46.33,30.33
2023,KR Mayers,55,46,0,4,2,2,7.7,inf,inf
2023,KR Sen,27,19,0,2,0,1,9.16,inf,inf
2023,KV Sharma,220,132,11,9,3,0,10.41,20.82,12.0
2023,Kartik Tyagi,85,44,1,7,3,4,12.55,92.0,44.0
2023,Kuldeep Yadav,355,300,10,11,6,0,7.32,36.6,30.0
2023,LH Ferguson,88,50,1,10,2,2,11.76,98.0,50.0
2023,LS Livingstone,94,42,2,0,0,0,13.43,47.0,21.0
2023,Lalit Yadav,114,82,3,6,4,0,8.78,40.0,27.33
2023,M Ashwin,52,25,0,1,0,1,12.72,inf,inf
2023,M Jansen,247,178,10,26,11,5,9.2,27.3,17.8
2023,M Markande,297,230,12,3,2,0,7.83,25.0,19.17
2023,M Pathirana,329,310,23,57,31,1,7.47,16.78,13.48
2023,M Theekshana,387,298,11,14,4,0,8.07,36.45,27.09
2023,MA Wood,124,102,11,18,5,1,8.35,12.91,9.27
2023,MG Bracewell,95,66,6,0,0,0,8.64,15.83,11.0
2023,MJ Santner,81,72,3,1,0,0,6.83,27.33,24.0
2023,MK Lomror,17,12,1,0,0,0,8.5,17.0,12.0
2023,MM Ali,194,157,9,4,1,0,7.57,22.0,17.44
2023,MM Sharma,358,268,31,4,3,0,8.1,11.68,8.65
2023,MP Stoinis,96,69,5,5,4,0,8.78,20.2,13.8
2023,MR Marsh,159,132,12,13,10,1,7.82,14.33,11.0
2023,MW Short,24,25,0,1,1,0,6.0,inf,inf
2023,Mayank Dagar,83,66,1,0,0,0,7.55,83.0,66.0
2023,Mohammed Shami,503,403,28,29,11,2,7.92,19.0,14.39
2023,Mohammed Siraj,341,329,20,54,27,2,7.2,19.75,16.45
2023,Mohit Rathee,29,12,0,0,0,0,14.5,inf,inf
2023,Mohsin Khan,103,64,3,8,4,0,10.41,37.0,21.33
2023,Mukesh Kumar,315,197,9,13,10,1,9.99,36.44,21.89
2023,Mustafizur Rahman,79,42,1,0,0,0,11.29,79.0,42.0
2023,N Rana,74,54,3,1,1,0,8.33,25.0,18.0
2023,NA Saini,31,15,0,4,0,3,14.0,inf,inf
2023,NT Ellis,333,233,13,9,3,2,8.81,26.31,17.92
2023,Navdeep Saini,39,25,3,1,1,0,9.6,13.33,8.33
2023,Naveen-ul-Haq,212,175,11,15,5,2,7.78,20.64,15.91
2023,Nithish Kumar Reddy,53,31,0,1,0,1,10.45,inf,inf
2023,Noor Ahmad,353,299,16,22,15,1,7.53,23.44,18.69
2023,OC McCoy,12,7,0,1,1,0,11.14,inf,inf
2023,P Dubey,18,19,1,1,1,0,6.0,19.0,19.0
2023,PP Chawla,490,371,23,9,5,0,8.07,21.7,16.13
2023,PWH de Silva,256,175,9,3,1,0,8.88,28.78,19.44
2023,R Ashwin,352,309,15,18,15,0,7.18,24.67,20.6
2023,R Dhawan,60,42,1,4,0,0,9.14,64.0,42.0
2023,R Goyal,33,24,0,1,0,0,8.5,inf,inf
2023,R Powell,16,14,1,2,1,1,7.71,18.0,14.0
2023,R Tewatia,14,14,0,1,1,0,6.43,inf,inf
2023,RA Jadeja,420,348,20,12,6,0,7.45,21.6,17.4
2023,RD Chahar,382,301,8,6,3,0,7.73,48.5,37.62
2023,RJW Topley,14,12,1,0,0,0,7.0,14.0,12.0
2023,RP Meredith,198,126,7,11,7,1,9.95,29.86,18.0
2023,RS Hangargekar,53,43,3,7,6,1,8.37,20.0,14.33
2023,Rashid Khan,547,407,28,10,5,0,8.21,19.89,14.54
2023,Ravi Bishnoi,382,312,17,12,7,2,7.58,23.18,18.35
2023,SM Curran,477,299,11,20,11,1,9.97,45.18,27.18
2023,SN Thakur,214,132,7,8,4,2,10.09,31.71,18.86
2023,SP Narine,374,296,11,15,8,0,7.89,35.36,26.91
2023,SSB Magala,50,37,1,2,1,0,8.43,52.0,37.0
2023,Sandeep Sharma,382,290,15,16,10,4,8.23,26.53,19.33
2023,Shahbaz Ahmed,95,42,1,0,0,0,13.57,95.0,42.0
2023,Sikandar Raza,111,76,3,13,3,1,9.79,41.33,25.33
2023,Suyash Sharma,316,239,11,14,4,1,8.28,30.0,21.73
2023,Swapnil Singh,18,12,0,0,0,0,9.0,inf,inf
2023,T Natarajan,404,276,13,12,6,0,9.04,32.0,21.23
2023,T Stubbs,14,12,1,0,0,0,7.0,14.0,12.0
2023,TA Boult,300,235,13,16,7,0,8.07,24.31,18.08
2023,TG Southee,79,36,2,0,0,0,13.17,39.5,18.0
2023,TU Deshpande,537,368,24,43,23,4,9.46,24.17,15.33
2023,Tilak Varma,6,7,0,1,1,0,6.0,inf,inf
2023,UT Yadav,187,116,1,3,2,0,9.83,190.0,116.0
2023,Umran Malik,207,124,6,12,4,0,10.6,36.5,20.67
2023,VG Arora,134,107,5,15,7,4,8.36,29.8,21.4
2023,Vijaykumar Vyshak,244,153,11,9,8,1,9.92,23.0,13.91
2023,Vivrant Sharma,34,21,0,3,2,1,10.57,inf,inf
2023,WD Parnell,230,157,9,7,5,1,9.06,26.33,17.44
2023,Washington Sundar,146,106,3,0,0,0,8.26,48.67,35.33
2023,YS Chahal,423,326,22,11,9,0,7.99,19.73,14.82
2023,Yash Dayal,161,88,2,4,4,0,11.25,82.5,44.0
2023,Yash Thakur,273,207,15,24,14,2,8.61,19.8,13.8
2023,Yudhvir Singh,64,50,3,9,2,0,8.76,24.33,16.67
2024,A Badoni,25,12,0,0,0,0,12.5,inf,inf
2024,A Kamboj,106,68,2,9,6,2,10.15,57.5,34.0
2024,A Mishra,20,12,1,0,0,0,10.0,20.0,12.0
2024,A Nortje,286,140,7,12,7,1,12.77,42.57,20.0
2024,AD Russell,283,188,19,21,12,0,9.7,16.0,9.89
2024,AK Markram,14,13,0,1,0,1,6.92,inf,inf
2024,AR Patel,336,265,11,4,1,0,7.7,30.91,24.09
2024,AS Joseph,108,64,1,15,6,0,11.53,123.0,64.0
2024,AS Roy,60,34,1,0,0,0,10.59,60.0,34.0
2024,Abhishek Sharma,51,42,2,0,0,0,7.29,25.5,21.0
2024,Akash Deep,53,23,1,2,2,0,14.35,55.0,23.0
2024,Akash Madhwal,195,119,6,14,8,2,10.54,34.83,19.83
2024,Arjun Tendulkar,21,15,0,1,1,0,8.8,inf,inf
2024,Arshad Khan,82,56,1,8,7,0,9.64,90.0,56.0
2024,Arshad Khan (2),22,13,0,3,1,0,11.54,inf,inf
2024,Arshdeep Singh,481,326,20,33,24,0,9.46,25.7,16.3
2024,Atharva Taide,4,1,0,0,0,0,24.0,inf,inf
2024,Avesh Khan,508,346,22,25,16,1,9.24,24.23,15.73
2024,Azmatullah Omarzai,181,131,4,13,5,0,8.89,48.5,32.75
2024,B Kumar,518,357,11,37,14,1,9.33,50.45,32.45
2024,C Green,291,223,12,14,12,0,8.21,25.42,18.58
2024,CV Varun,393,309,21,18,7,2,7.98,19.57,14.71
2024,DG Nalkande,43,31,3,3,2,0,8.9,15.33,10.33
2024,DJ Hooda,21,19,0,1,1,0,6.95,inf,inf
2024,DJ Mitchell,68,38,1,2,2,0,11.05,70.0,38.0
2024,DL Chahar,197,146,5,5,5,0,8.3,40.4,29.2
2024,G Coetzee,318,216,13,39,14,1,9.92,27.46,16.62
2024,GJ Maxwell,123,98,7,6,2,0,7.9,18.43,14.0
2024,Gulbadin Naib,12,6,0,0,0,0,12.0,inf,inf
2024,H Sharma,29,12,0,0,0,0,14.5,inf,inf
2024,HH Pandya,377,226,13,12,10,0,10.33,29.92,17.38
2024,HV Patel,450,317,30,35,21,2,9.18,16.17,10.57
2024,Harpreet Brar,297,230,7,12,2,0,8.06,44.14,32.86
2024,Harshit Rana,372,264,20,13,11,0,8.75,19.25,13.2
2024,I Sharma,241,182,12,25,19,1,8.77,22.17,15.17
2024,J Little,44,25,4,1,1,0,10.8,11.25,6.25
2024,JA Richardson,38,25,0,2,1,0,9.6,inf,inf
2024,JD Unadkat,306,200,9,15,13,0,9.63,35.67,22.22
2024,JJ Bumrah,315,328,21,26,13,4,6.24,16.24,15.62
2024,K Gowtham,28,13,0,2,1,0,13.85,inf,inf
2024,K Rabada,362,262,11,24,10,0,8.84,35.09,23.82
2024,KA Maharaj,39,36,2,0,0,0,6.5,19.5,18.0
2024,KH Pandya,240,205,6,18,7,0,7.55,43.0,34.17
2024,KK Ahmed,453,324,17,40,23,1,9.13,29.0,19.06
2024,KR Sen,115,79,6,12,6,1,9.65,21.17,13.17
2024,KT Maphaka,86,39,1,4,3,0,13.85,90.0,39.0
2024,KV Sharma,249,149,7,7,5,0,10.31,36.57,21.29
2024,Kartik Tyagi,49,26,0,3,2,0,12.0,inf,inf
2024,Kuldeep Yadav,363,267,16,13,8,1,8.45,23.5,16.69
2024,L Wood,91,38,1,3,1,1,14.84,94.0,38.0
2024,LB Williams,61,42,1,13,4,2,10.57,74.0,42.0
2024,LH Ferguson,252,147,10,8,0,3,10.61,26.0,14.7
2024,LS Livingstone,81,75,3,5,3,0,6.88,28.67,25.0
2024,Lalit Yadav,56,18,0,1,0,0,19.0,inf,inf
2024,M Jansen,116,68,2,18,6,2,11.82,67.0,34.0
2024,M Markande,249,142,8,10,9,1,10.94,32.38,17.75
2024,M Pathirana,154,145,13,21,13,0,7.24,13.46,11.15
2024,M Shahrukh Khan,15,12,0,1,0,0,8.0,inf,inf
2024,M Siddharth,66,58,1,6,1,3,7.45,72.0,58.0
2024,M Theekshana,143,121,2,3,1,0,7.24,73.0,60.5
2024,MA Starc,414,267,20,36,16,0,10.11,22.5,13.35
2024,MJ Henry,108,74,1,4,2,0,9.08,112.0,74.0
2024,MJ Santner,64,54,3,0,0,0,7.11,21.33,18.0
2024,MJ Suthar,26,12,0,0,0,0,13.0,inf,inf
2024,MK Lomror,15,9,0,3,3,0,12.0,inf,inf
2024,MM Ali,70,49,2,1,1,0,8.69,35.5,24.5
2024,MM Sharma,414,245,16,14,10,1,10.48,26.75,15.31
2024,MP Stoinis,119,87,5,8,3,0,8.76,25.4,17.4
2024,MP Yadav,82,76,8,6,2,1,6.95,11.0,9.5
2024,MR Marsh,97,54,1,6,6,0,11.44,103.0,54.0
2024,Mayank Dagar,115,72,1,7,1,0,10.17,122.0,72.0
2024,Mohammad Nabi,109,74,2,1,0,0,8.92,55.0,37.0
2024,Mohammed Siraj,469,350,15,38,26,0,8.69,33.8,23.33
2024,Mohsin Khan,375,237,10,10,9,0,9.75,38.5,23.7
2024,Mukesh Choudhary,26,7,0,1,0,1,23.14,inf,inf
2024,Mukesh Kumar,358,223,22,21,7,3,10.2,17.23,10.14
2024,Mustafizur Rahman,299,225,14,25,15,4,8.64,23.14,16.07
2024,N Burger,138,105,7,14,3,0,8.69,21.71,15.0
2024,N Thushara,239,172,8,20,14,2,9.03,32.38,21.5
2024,N Wadhera,13,12,0,0,0,0,6.5,inf,inf
2024,NT Ellis,24,24,1,0,0,0,6.0,24.0,24.0
2024,Naman Dhir,54,29,0,1,1,0,11.38,inf,inf
2024,Naveen-ul-Haq,359,232,15,16,10,3,9.7,25.0,15.47
2024,Nithish Kumar Reddy,145,87,4,9,7,1,10.62,38.5,21.75
2024,Noor Ahmad,284,214,8,13,5,0,8.33,37.12,26.75
2024,PJ Cummins,556,375,18,15,9,0,9.14,31.72,20.83
2024,PP Chawla,303,215,13,9,5,0,8.71,24.0,16.54
2024,PVD Chameera,47,19,0,2,1,0,15.47,inf,inf
2024,R Ashwin,439,346,9,30,16,0,8.13,52.11,38.44
2024,R Dhawan,34,19,0,5,1,0,12.32,inf,inf
2024,R Parag,26,19,0,1,1,0,8.53,inf,inf
2024,R Ravindra,7,12,0,0,0,0,3.5,inf,inf
2024,R Sai Kishore,134,93,7,3,3,0,8.84,19.57,13.29
2024,R Shepherd,154,76,2,8,4,0,12.79,81.0,38.0
2024,RA Jadeja,366,285,8,5,2,1,7.81,46.38,35.62
2024,RD Chahar,276,189,10,4,2,1,8.89,28.0,18.9
2024,RJ Gleeson,67,51,1,5,3,1,8.47,72.0,51.0
2024,RJW Topley,163,95,4,5,5,0,10.61,42.0,23.75
2024,Ramandeep Singh,9,4,0,0,0,0,13.5,inf,inf
2024,Rashid Khan,367,262,10,5,0,0,8.52,37.2,26.2
2024,Rasikh Salam,260,156,9,11,9,0,10.42,30.11,17.33
2024,Ravi Bishnoi,375,270,10,9,8,0,8.53,38.4,27.0
2024,S Dube,14,6,1,0,0,0,14.0,14.0,6.0
2024,S Gopal,67,42,3,0,0,0,9.57,22.33,14.0
2024,S Joseph,37,30,0,14,3,3,10.2,inf,inf
2024,S Sandeep Warrier,115,70,6,7,3,1,10.46,20.33,11.67
2024,SH Johnson,148,99,4,7,3,0,9.39,38.75,24.75
2024,SM Curran,408,254,16,14,7,1,9.97,26.38,15.88
2024,SN Thakur,302,197,5,13,4,3,9.59,63.0,39.4
2024,SP Narine,363,334,18,13,4,0,6.75,20.89,18.56
2024,SZ Mulani,54,33,0,3,3,0,10.36,inf,inf
2024,Sandeep Sharma,303,236,15,11,8,0,7.98,20.93,15.73
2024,Shahbaz Ahmed,269,166,7,8,0,1,10.01,39.57,23.71
2024,Shashank Singh,5,6,1,0,0,0,5.0,5.0,6.0
2024,Sikandar Raza,22,12,0,0,0,0,11.0,inf,inf
2024,Simarjeet Singh,113,80,6,9,8,0,9.15,20.33,13.33
2024,Sumit Kumar,36,22,0,2,2,0,10.36,inf,inf
2024,Suyash Sharma,50,25,0,1,1,0,12.24,inf,inf
2024,Swapnil Singh,131,92,6,2,1,1,8.67,22.17,15.33
2024,T Natarajan,441,332,20,28,24,0,8.48,23.45,16.6
2024,T Stubbs,14,13,3,1,1,0,6.92,5.0,4.33
2024,TA Boult,425,333,16,23,13,0,8.07,28.0,20.81
2024,TM Head,32,10,0,0,0,0,19.2,inf,inf
2024,TU Deshpande,401,310,18,34,20,2,8.42,24.17,17.22
2024,Tilak Varma,8,4,0,0,0,0,12.0,inf,inf
2024,UT Yadav,207,129,9,4,3,0,9.81,23.44,14.33
2024,Umran Malik,14,7,0,1,1,0,12.86,inf,inf
2024,V Kaverappa,36,24,2,0,0,0,9.0,18.0,12.0
2024,V Viyaskanth,86,60,1,4,0,0,9.0,90.0,60.0
2024,VG Arora,255,201,11,29,15,6,8.48,25.82,18.27
2024,VR Iyer,28,6,0,0,0,0,28.0,inf,inf
2024,Vijaykumar Vyshak,139,90,6,4,3,0,9.53,23.83,15.0
2024,WG Jacks,98,55,2,2,1,0,10.91,50.0,27.5
2024,Washington Sundar,73,30,1,0,0,0,14.6,73.0,30.0
2024,YS Chahal,531,362,19,17,13,1,9.08,28.84,19.05
2024,Yash Dayal,434,322,16,38,18,3,8.8,29.5,20.12
2024,Yash Thakur,390,225,12,15,11,1,10.8,33.75,18.75
2024,Yudhvir Singh,52,24,1,0,0,0,13.0,52.0,24.0
2025,A Badoni,13,10,2,0,0,0,7.8,6.5,5.0
2025,A Kamboj,171,130,8,2,0,1,7.98,21.62,16.25
2025,A Nortje,76,45,1,11,3,0,11.6,87.0,45.0
2025,A Zampa,92,50,2,2,2,0,11.28,47.0,25.0
2025,AD Russell,212,114,8,6,2,3,11.47,27.25,14.25
2025,AK Markram,100,68,4,2,2,0,9.0,25.5,17.0
2025,AR Patel,310,219,6,4,3,0,8.6,52.33,36.5
2025,AS Roy,26,25,2,1,1,0,6.48,13.5,12.5
2025,Abdul Samad,6,2,0,0,0,0,18.0,inf,inf
2025,Abhishek Sharma,111,67,0,2,1,0,10.12,inf,inf
2025,Akash Deep,212,127,3,18,13,0,10.87,76.67,42.33
2025,Akash Madhwal,155,97,4,12,7,0,10.33,41.75,24.25
2025,Akash Singh,99,67,4,0,0,0,8.87,24.75,16.75
2025,Arshad Khan,207,136,6,13,9,1,9.71,36.67,22.67
2025,Arshdeep Singh,496,367,22,31,17,0,8.62,23.95,16.68
2025,Ashwani Kumar,223,132,11,11,7,2,10.64,21.27,12.0
2025,Avesh Khan,477,294,13,10,10,0,9.94,37.46,22.62
2025,Azmatullah Omarzai,270,169,8,12,7,0,10.01,35.25,21.12
2025,B Kumar,477,318,18,13,6,0,9.25,27.22,17.67
2025,C Bosch,52,45,1,4,3,0,7.47,56.0,45.0
2025,C Sakariya,38,19,0,1,1,0,12.32,inf,inf
2025,CV Varun,375,308,17,15,8,0,7.6,22.94,18.12
2025,DJ Hooda,14,7,0,1,1,0,12.86,inf,inf
2025,DL Chahar,354,263,12,24,15,2,8.62,31.5,21.92
2025,DS Rathi,416,321,14,19,7,2,8.13,31.07,22.93
2025,E Malinga,233,165,14,11,5,0,8.87,17.43,11.79
2025,Fazalhaq Farooqi,208,104,0,3,2,0,12.17,inf,inf
2025,G Coetzee,127,76,2,6,4,0,10.5,66.5,38.0
2025,GJ Maxwell,106,82,4,5,4,0,8.12,27.75,20.5
2025,HH Pandya,323,229,14,22,16,3,9.04,24.64,16.36
2025,HV Patel,403,286,17,31,19,4,9.1,25.53,16.82
2025,Harpreet Brar,188,134,10,2,1,1,8.51,19.0,13.4
2025,Harsh Dubey,97,61,5,1,1,0,9.64,19.6,12.2
2025,Harshit Rana,436,276,15,21,10,2,9.93,30.47,18.4
2025,I Sharma,198,117,4,12,7,0,10.77,52.5,29.25
2025,Ishan Kishan,4,1,0,0,0,0,24.0,inf,inf
2025,J Overton,78,41,0,6,5,0,12.29,inf,inf
2025,JC Archer,408,292,12,37,17,2,9.14,37.08,24.33
2025,JD Unadkat,172,146,12,5,3,0,7.27,14.75,12.17
2025,JJ Bumrah,311,289,21,11,5,0,6.69,15.33,13.76
2025,JR Hazlewood,380,270,22,9,6,0,8.64,17.68,12.27
2025,K Kartikeya,76,49,2,2,1,0,9.55,39.0,24.5
2025,K Khejroliya,28,19,1,1,1,0,9.16,29.0,19.0
2025,K Rabada,158,88,2,6,4,0,11.18,82.0,44.0
2025,KA Jamieson,143,94,5,4,4,0,9.38,29.4,18.8
2025,KH Pandya,370,283,17,10,7,0,8.06,22.35,16.65
2025,KK Ahmed,437,290,16,17,7,3,9.39,28.38,18.12
2025,KT Maphaka,52,32,1,6,2,0,10.88,58.0,32.0
2025,KV Sharma,127,91,7,6,1,0,8.77,19.0,13.0
2025,Karim Janat,30,6,0,0,0,0,30.0,inf,inf
2025,Kuldeep Yadav,384,324,16,8,5,1,7.26,24.5,20.25
2025,L Ngidi,81,48,4,0,0,0,10.12,20.25,12.0
2025,LH Ferguson,93,76,6,14,8,0,8.45,17.83,12.67
2025,LS Livingstone,76,54,2,0,0,0,8.44,38.0,27.0
2025,M Jansen,417,300,16,31,15,2,8.96,28.0,18.75
2025,M Pathirana,387,284,15,43,32,1,9.08,28.67,18.93
2025,M Prasidh Krishna,477,364,26,29,10,0,8.34,19.46,14.0
2025,M Shahrukh Khan,13,6,1,0,0,0,13.0,13.0,6.0
2025,M Siddharth,65,43,2,3,1,0,9.49,34.0,21.5
2025,M Theekshana,384,271,11,28,17,2,9.12,37.45,24.64
2025,M Tiwari,14,6,0,0,0,0,14.0,inf,inf
2025,MA Starc,376,245,19,37,8,4,10.11,21.74,12.89
2025,MJ Santner,302,247,10,14,10,0,7.68,31.6,24.7
2025,MM Ali,133,99,6,3,3,0,8.24,22.67,16.5
2025,MM Sharma,244,163,2,15,10,3,9.53,129.5,81.5
2025,MP Stoinis,169,91,1,8,5,1,11.67,177.0,91.0
2025,MP Yadav,95,53,2,5,5,0,11.32,50.0,26.5
2025,Mohammed Shami,326,187,6,22,6,1,11.17,58.0,31.17
2025,Mohammed Siraj,497,367,16,43,25,0,8.83,33.75,22.94
2025,Mujeeb Ur Rahman,23,13,1,5,1,0,12.92,28.0,13.0
2025,Mukesh Choudhary,71,36,1,0,0,0,11.83,71.0,36.0
2025,Mukesh Kumar,390,255,14,21,16,2,9.67,29.36,18.21
2025,Musheer Khan,27,12,1,0,0,0,13.5,27.0,12.0
2025,Mustafizur Rahman,87,66,4,0,0,0,7.91,21.75,16.5
2025,N Rana,18,12,0,0,0,0,9.0,inf,inf
2025,N Thushara,24,26,1,6,1,1,6.92,30.0,26.0
2025,N Wadhera,9,5,0,0,0,0,10.8,inf,inf
2025,NT Ellis,37,25,1,2,1,0,9.36,39.0,25.0
2025,Naman Dhir,21,24,1,0,0,0,5.25,21.0,24.0
2025,Nithish Kumar Reddy,43,34,4,4,4,0,8.29,11.75,8.5
2025,Noor Ahmad,386,314,24,30,11,3,7.95,17.33,13.08
2025,P Dubey,20,12,1,1,0,0,10.5,21.0,12.0
2025,PHKD Mendis,60,42,2,0,0,0,8.57,30.0,21.0
2025,PJ Cummins,436,312,16,24,13,1,8.85,28.75,19.5
2025,PVD Chameera,189,111,4,9,8,1,10.7,49.5,27.75
2025,PVSN Raju,48,29,2,6,5,0,11.17,27.0,14.5
2025,PWA Mulder,16,6,0,0,0,0,16.0,inf,inf
2025,PWH de Silva,366,251,11,10,5,0,8.99,34.18,22.82
2025,Prince Yadav,218,144,5,8,7,0,9.42,45.2,28.8
2025,R Ashwin,280,189,7,6,3,0,9.08,40.86,27.0
2025,R Parag,161,128,4,10,8,0,8.02,42.75,32.0
2025,R Sai Kishore,386,262,19,10,7,0,9.07,20.84,13.79
2025,R Shepherd,145,90,6,11,6,0,10.4,26.0,15.0
2025,RA Jadeja,319,232,10,6,3,2,8.41,32.5,23.2
2025,RD Chahar,9,6,0,0,0,0,9.0,inf,inf
2025,RJ Gleeson,38,22,1,1,1,0,10.64,39.0,22.0
2025,RJW Topley,40,18,0,0,0,0,13.33,inf,inf
2025,Rashid Khan,508,336,9,15,6,0,9.34,58.11,37.33
2025,Rasikh Salam,68,38,1,3,2,0,11.21,71.0,38.0
2025,Ravi Bishnoi,390,233,9,12,11,0,10.35,44.67,25.89
2025,S Dube,28,13,0,5,1,0,15.23,inf,inf
2025,SH Johnson,128,73,1,6,5,0,11.01,134.0,73.0
2025,SM Curran,131,74,1,4,2,0,10.95,135.0,74.0
2025,SN Thakur,353,226,15,23,21,1,9.98,25.07,15.07
2025,SP Narine,346,275,12,11,3,2,7.79,29.75,22.92
2025,Sandeep Sharma,354,243,10,22,19,1,9.28,37.6,24.3
2025,Shahbaz Ahmed,97,56,1,6,5,0,11.04,103.0,56.0
2025,Shashank Singh,27,12,0,0,0,0,13.5,inf,inf
2025,Simarjeet Singh,138,63,2,8,2,1,13.9,73.0,31.5
2025,Suryansh Shedge,39,19,0,1,0,1,12.63,inf,inf
2025,Suyash Sharma,433,305,9,21,5,0,8.93,50.44,33.89
2025,T Natarajan,53,25,1,0,0,0,12.72,53.0,25.0
2025,T Stubbs,40,12,0,0,0,0,20.0,inf,inf
2025,TA Boult,502,357,23,18,11,0,8.74,22.61,15.52
2025,TU Deshpande,320,212,9,22,20,0,9.68,38.0,23.56
2025,V Nigam,345,244,12,16,6,4,8.88,30.08,20.33
2025,V Puthur,108,73,6,1,1,0,8.96,18.17,12.17
2025,VG Arora,413,272,19,18,17,0,9.51,22.68,14.32
2025,Vijaykumar Vyshak,166,113,4,15,10,1,9.61,45.25,28.25
2025,W O'Rourke,129,64,6,3,2,0,12.38,22.0,10.67
2025,WG Jacks,111,90,6,10,5,1,8.07,20.17,15.0
2025,Washington Sundar,109,67,2,3,2,0,10.03,56.0,33.5
2025,XC Bartlett,96,60,2,0,0,0,9.6,48.0,30.0
2025,YS Chahal,419,277,16,12,7,0,9.34,26.94,17.31
2025,Yash Dayal,455,305,14,24,7,4,9.42,34.21,21.79
2025,Yash Thakur,75,43,1,5,3,1,11.16,80.0,43.0
2025,Yudhvir Singh,126,71,4,6,4,1,11.15,33.0,17.75
2025,Zeeshan Ansari,327,209,8,7,5,1,9.59,41.75,26.12
